id,Hardness
10407,4.647
10408,4.647
10409,4.647
10410,4.647
10411,4.647
10412,4.647
10413,4.647
10414,4.647
10415,4.647
10416,4.647
10417,4.647
10418,4.647
10419,4.647
10420,4.647
10421,4.647
10422,4.647
10423,4.647
10424,4.647
10425,4.647
10426,4.647
10427,4.647
10428,4.647
10429,4.647
10430,4.647
10431,4.647
10432,4.647
10433,4.647
10434,4.647
10435,4.647
10436,4.647
10437,4.647
10438,4.647
10439,4.647
10440,4.647
10441,4.647
10442,4.647
10443,4.647
10444,4.647
10445,4.647
10446,4.647
10447,4.647
10448,4.647
10449,4.647
10450,4.647
10451,4.647
10452,4.647
10453,4.647
10454,4.647
10455,4.647
10456,4.647
10457,4.647
10458,4.647
10459,4.647
10460,4.647
10461,4.647
10462,4.647
10463,4.647
10464,4.647
10465,4.647
10466,4.647
10467,4.647
10468,4.647
10469,4.647
10470,4.647
10471,4.647
10472,4.647
10473,4.647
10474,4.647
10475,4.647
10476,4.647
10477,4.647
10478,4.647
10479,4.647
10480,4.647
10481,4.647
10482,4.647
10483,4.647
10484,4.647
10485,4.647
10486,4.647
10487,4.647
10488,4.647
10489,4.647
10490,4.647
10491,4.647
10492,4.647
10493,4.647
10494,4.647
10495,4.647
10496,4.647
10497,4.647
10498,4.647
10499,4.647
10500,4.647
10501,4.647
10502,4.647
10503,4.647
10504,4.647
10505,4.647
10506,4.647
10507,4.647
10508,4.647
10509,4.647
10510,4.647
10511,4.647
10512,4.647
10513,4.647
10514,4.647
10515,4.647
10516,4.647
10517,4.647
10518,4.647
10519,4.647
10520,4.647
10521,4.647
10522,4.647
10523,4.647
10524,4.647
10525,4.647
10526,4.647
10527,4.647
10528,4.647
10529,4.647
10530,4.647
10531,4.647
10532,4.647
10533,4.647
10534,4.647
10535,4.647
10536,4.647
10537,4.647
10538,4.647
10539,4.647
10540,4.647
10541,4.647
10542,4.647
10543,4.647
10544,4.647
10545,4.647
10546,4.647
10547,4.647
10548,4.647
10549,4.647
10550,4.647
10551,4.647
10552,4.647
10553,4.647
10554,4.647
10555,4.647
10556,4.647
10557,4.647
10558,4.647
10559,4.647
10560,4.647
10561,4.647
10562,4.647
10563,4.647
10564,4.647
10565,4.647
10566,4.647
10567,4.647
10568,4.647
10569,4.647
10570,4.647
10571,4.647
10572,4.647
10573,4.647
10574,4.647
10575,4.647
10576,4.647
10577,4.647
10578,4.647
10579,4.647
10580,4.647
10581,4.647
10582,4.647
10583,4.647
10584,4.647
10585,4.647
10586,4.647
10587,4.647
10588,4.647
10589,4.647
10590,4.647
10591,4.647
10592,4.647
10593,4.647
10594,4.647
10595,4.647
10596,4.647
10597,4.647
10598,4.647
10599,4.647
10600,4.647
10601,4.647
10602,4.647
10603,4.647
10604,4.647
10605,4.647
10606,4.647
10607,4.647
10608,4.647
10609,4.647
10610,4.647
10611,4.647
10612,4.647
10613,4.647
10614,4.647
10615,4.647
10616,4.647
10617,4.647
10618,4.647
10619,4.647
10620,4.647
10621,4.647
10622,4.647
10623,4.647
10624,4.647
10625,4.647
10626,4.647
10627,4.647
10628,4.647
10629,4.647
10630,4.647
10631,4.647
10632,4.647
10633,4.647
10634,4.647
10635,4.647
10636,4.647
10637,4.647
10638,4.647
10639,4.647
10640,4.647
10641,4.647
10642,4.647
10643,4.647
10644,4.647
10645,4.647
10646,4.647
10647,4.647
10648,4.647
10649,4.647
10650,4.647
10651,4.647
10652,4.647
10653,4.647
10654,4.647
10655,4.647
10656,4.647
10657,4.647
10658,4.647
10659,4.647
10660,4.647
10661,4.647
10662,4.647
10663,4.647
10664,4.647
10665,4.647
10666,4.647
10667,4.647
10668,4.647
10669,4.647
10670,4.647
10671,4.647
10672,4.647
10673,4.647
10674,4.647
10675,4.647
10676,4.647
10677,4.647
10678,4.647
10679,4.647
10680,4.647
10681,4.647
10682,4.647
10683,4.647
10684,4.647
10685,4.647
10686,4.647
10687,4.647
10688,4.647
10689,4.647
10690,4.647
10691,4.647
10692,4.647
10693,4.647
10694,4.647
10695,4.647
10696,4.647
10697,4.647
10698,4.647
10699,4.647
10700,4.647
10701,4.647
10702,4.647
10703,4.647
10704,4.647
10705,4.647
10706,4.647
10707,4.647
10708,4.647
10709,4.647
10710,4.647
10711,4.647
10712,4.647
10713,4.647
10714,4.647
10715,4.647
10716,4.647
10717,4.647
10718,4.647
10719,4.647
10720,4.647
10721,4.647
10722,4.647
10723,4.647
10724,4.647
10725,4.647
10726,4.647
10727,4.647
10728,4.647
10729,4.647
10730,4.647
10731,4.647
10732,4.647
10733,4.647
10734,4.647
10735,4.647
10736,4.647
10737,4.647
10738,4.647
10739,4.647
10740,4.647
10741,4.647
10742,4.647
10743,4.647
10744,4.647
10745,4.647
10746,4.647
10747,4.647
10748,4.647
10749,4.647
10750,4.647
10751,4.647
10752,4.647
10753,4.647
10754,4.647
10755,4.647
10756,4.647
10757,4.647
10758,4.647
10759,4.647
10760,4.647
10761,4.647
10762,4.647
10763,4.647
10764,4.647
10765,4.647
10766,4.647
10767,4.647
10768,4.647
10769,4.647
10770,4.647
10771,4.647
10772,4.647
10773,4.647
10774,4.647
10775,4.647
10776,4.647
10777,4.647
10778,4.647
10779,4.647
10780,4.647
10781,4.647
10782,4.647
10783,4.647
10784,4.647
10785,4.647
10786,4.647
10787,4.647
10788,4.647
10789,4.647
10790,4.647
10791,4.647
10792,4.647
10793,4.647
10794,4.647
10795,4.647
10796,4.647
10797,4.647
10798,4.647
10799,4.647
10800,4.647
10801,4.647
10802,4.647
10803,4.647
10804,4.647
10805,4.647
10806,4.647
10807,4.647
10808,4.647
10809,4.647
10810,4.647
10811,4.647
10812,4.647
10813,4.647
10814,4.647
10815,4.647
10816,4.647
10817,4.647
10818,4.647
10819,4.647
10820,4.647
10821,4.647
10822,4.647
10823,4.647
10824,4.647
10825,4.647
10826,4.647
10827,4.647
10828,4.647
10829,4.647
10830,4.647
10831,4.647
10832,4.647
10833,4.647
10834,4.647
10835,4.647
10836,4.647
10837,4.647
10838,4.647
10839,4.647
10840,4.647
10841,4.647
10842,4.647
10843,4.647
10844,4.647
10845,4.647
10846,4.647
10847,4.647
10848,4.647
10849,4.647
10850,4.647
10851,4.647
10852,4.647
10853,4.647
10854,4.647
10855,4.647
10856,4.647
10857,4.647
10858,4.647
10859,4.647
10860,4.647
10861,4.647
10862,4.647
10863,4.647
10864,4.647
10865,4.647
10866,4.647
10867,4.647
10868,4.647
10869,4.647
10870,4.647
10871,4.647
10872,4.647
10873,4.647
10874,4.647
10875,4.647
10876,4.647
10877,4.647
10878,4.647
10879,4.647
10880,4.647
10881,4.647
10882,4.647
10883,4.647
10884,4.647
10885,4.647
10886,4.647
10887,4.647
10888,4.647
10889,4.647
10890,4.647
10891,4.647
10892,4.647
10893,4.647
10894,4.647
10895,4.647
10896,4.647
10897,4.647
10898,4.647
10899,4.647
10900,4.647
10901,4.647
10902,4.647
10903,4.647
10904,4.647
10905,4.647
10906,4.647
10907,4.647
10908,4.647
10909,4.647
10910,4.647
10911,4.647
10912,4.647
10913,4.647
10914,4.647
10915,4.647
10916,4.647
10917,4.647
10918,4.647
10919,4.647
10920,4.647
10921,4.647
10922,4.647
10923,4.647
10924,4.647
10925,4.647
10926,4.647
10927,4.647
10928,4.647
10929,4.647
10930,4.647
10931,4.647
10932,4.647
10933,4.647
10934,4.647
10935,4.647
10936,4.647
10937,4.647
10938,4.647
10939,4.647
10940,4.647
10941,4.647
10942,4.647
10943,4.647
10944,4.647
10945,4.647
10946,4.647
10947,4.647
10948,4.647
10949,4.647
10950,4.647
10951,4.647
10952,4.647
10953,4.647
10954,4.647
10955,4.647
10956,4.647
10957,4.647
10958,4.647
10959,4.647
10960,4.647
10961,4.647
10962,4.647
10963,4.647
10964,4.647
10965,4.647
10966,4.647
10967,4.647
10968,4.647
10969,4.647
10970,4.647
10971,4.647
10972,4.647
10973,4.647
10974,4.647
10975,4.647
10976,4.647
10977,4.647
10978,4.647
10979,4.647
10980,4.647
10981,4.647
10982,4.647
10983,4.647
10984,4.647
10985,4.647
10986,4.647
10987,4.647
10988,4.647
10989,4.647
10990,4.647
10991,4.647
10992,4.647
10993,4.647
10994,4.647
10995,4.647
10996,4.647
10997,4.647
10998,4.647
10999,4.647
11000,4.647
11001,4.647
11002,4.647
11003,4.647
11004,4.647
11005,4.647
11006,4.647
11007,4.647
11008,4.647
11009,4.647
11010,4.647
11011,4.647
11012,4.647
11013,4.647
11014,4.647
11015,4.647
11016,4.647
11017,4.647
11018,4.647
11019,4.647
11020,4.647
11021,4.647
11022,4.647
11023,4.647
11024,4.647
11025,4.647
11026,4.647
11027,4.647
11028,4.647
11029,4.647
11030,4.647
11031,4.647
11032,4.647
11033,4.647
11034,4.647
11035,4.647
11036,4.647
11037,4.647
11038,4.647
11039,4.647
11040,4.647
11041,4.647
11042,4.647
11043,4.647
11044,4.647
11045,4.647
11046,4.647
11047,4.647
11048,4.647
11049,4.647
11050,4.647
11051,4.647
11052,4.647
11053,4.647
11054,4.647
11055,4.647
11056,4.647
11057,4.647
11058,4.647
11059,4.647
11060,4.647
11061,4.647
11062,4.647
11063,4.647
11064,4.647
11065,4.647
11066,4.647
11067,4.647
11068,4.647
11069,4.647
11070,4.647
11071,4.647
11072,4.647
11073,4.647
11074,4.647
11075,4.647
11076,4.647
11077,4.647
11078,4.647
11079,4.647
11080,4.647
11081,4.647
11082,4.647
11083,4.647
11084,4.647
11085,4.647
11086,4.647
11087,4.647
11088,4.647
11089,4.647
11090,4.647
11091,4.647
11092,4.647
11093,4.647
11094,4.647
11095,4.647
11096,4.647
11097,4.647
11098,4.647
11099,4.647
11100,4.647
11101,4.647
11102,4.647
11103,4.647
11104,4.647
11105,4.647
11106,4.647
11107,4.647
11108,4.647
11109,4.647
11110,4.647
11111,4.647
11112,4.647
11113,4.647
11114,4.647
11115,4.647
11116,4.647
11117,4.647
11118,4.647
11119,4.647
11120,4.647
11121,4.647
11122,4.647
11123,4.647
11124,4.647
11125,4.647
11126,4.647
11127,4.647
11128,4.647
11129,4.647
11130,4.647
11131,4.647
11132,4.647
11133,4.647
11134,4.647
11135,4.647
11136,4.647
11137,4.647
11138,4.647
11139,4.647
11140,4.647
11141,4.647
11142,4.647
11143,4.647
11144,4.647
11145,4.647
11146,4.647
11147,4.647
11148,4.647
11149,4.647
11150,4.647
11151,4.647
11152,4.647
11153,4.647
11154,4.647
11155,4.647
11156,4.647
11157,4.647
11158,4.647
11159,4.647
11160,4.647
11161,4.647
11162,4.647
11163,4.647
11164,4.647
11165,4.647
11166,4.647
11167,4.647
11168,4.647
11169,4.647
11170,4.647
11171,4.647
11172,4.647
11173,4.647
11174,4.647
11175,4.647
11176,4.647
11177,4.647
11178,4.647
11179,4.647
11180,4.647
11181,4.647
11182,4.647
11183,4.647
11184,4.647
11185,4.647
11186,4.647
11187,4.647
11188,4.647
11189,4.647
11190,4.647
11191,4.647
11192,4.647
11193,4.647
11194,4.647
11195,4.647
11196,4.647
11197,4.647
11198,4.647
11199,4.647
11200,4.647
11201,4.647
11202,4.647
11203,4.647
11204,4.647
11205,4.647
11206,4.647
11207,4.647
11208,4.647
11209,4.647
11210,4.647
11211,4.647
11212,4.647
11213,4.647
11214,4.647
11215,4.647
11216,4.647
11217,4.647
11218,4.647
11219,4.647
11220,4.647
11221,4.647
11222,4.647
11223,4.647
11224,4.647
11225,4.647
11226,4.647
11227,4.647
11228,4.647
11229,4.647
11230,4.647
11231,4.647
11232,4.647
11233,4.647
11234,4.647
11235,4.647
11236,4.647
11237,4.647
11238,4.647
11239,4.647
11240,4.647
11241,4.647
11242,4.647
11243,4.647
11244,4.647
11245,4.647
11246,4.647
11247,4.647
11248,4.647
11249,4.647
11250,4.647
11251,4.647
11252,4.647
11253,4.647
11254,4.647
11255,4.647
11256,4.647
11257,4.647
11258,4.647
11259,4.647
11260,4.647
11261,4.647
11262,4.647
11263,4.647
11264,4.647
11265,4.647
11266,4.647
11267,4.647
11268,4.647
11269,4.647
11270,4.647
11271,4.647
11272,4.647
11273,4.647
11274,4.647
11275,4.647
11276,4.647
11277,4.647
11278,4.647
11279,4.647
11280,4.647
11281,4.647
11282,4.647
11283,4.647
11284,4.647
11285,4.647
11286,4.647
11287,4.647
11288,4.647
11289,4.647
11290,4.647
11291,4.647
11292,4.647
11293,4.647
11294,4.647
11295,4.647
11296,4.647
11297,4.647
11298,4.647
11299,4.647
11300,4.647
11301,4.647
11302,4.647
11303,4.647
11304,4.647
11305,4.647
11306,4.647
11307,4.647
11308,4.647
11309,4.647
11310,4.647
11311,4.647
11312,4.647
11313,4.647
11314,4.647
11315,4.647
11316,4.647
11317,4.647
11318,4.647
11319,4.647
11320,4.647
11321,4.647
11322,4.647
11323,4.647
11324,4.647
11325,4.647
11326,4.647
11327,4.647
11328,4.647
11329,4.647
11330,4.647
11331,4.647
11332,4.647
11333,4.647
11334,4.647
11335,4.647
11336,4.647
11337,4.647
11338,4.647
11339,4.647
11340,4.647
11341,4.647
11342,4.647
11343,4.647
11344,4.647
11345,4.647
11346,4.647
11347,4.647
11348,4.647
11349,4.647
11350,4.647
11351,4.647
11352,4.647
11353,4.647
11354,4.647
11355,4.647
11356,4.647
11357,4.647
11358,4.647
11359,4.647
11360,4.647
11361,4.647
11362,4.647
11363,4.647
11364,4.647
11365,4.647
11366,4.647
11367,4.647
11368,4.647
11369,4.647
11370,4.647
11371,4.647
11372,4.647
11373,4.647
11374,4.647
11375,4.647
11376,4.647
11377,4.647
11378,4.647
11379,4.647
11380,4.647
11381,4.647
11382,4.647
11383,4.647
11384,4.647
11385,4.647
11386,4.647
11387,4.647
11388,4.647
11389,4.647
11390,4.647
11391,4.647
11392,4.647
11393,4.647
11394,4.647
11395,4.647
11396,4.647
11397,4.647
11398,4.647
11399,4.647
11400,4.647
11401,4.647
11402,4.647
11403,4.647
11404,4.647
11405,4.647
11406,4.647
11407,4.647
11408,4.647
11409,4.647
11410,4.647
11411,4.647
11412,4.647
11413,4.647
11414,4.647
11415,4.647
11416,4.647
11417,4.647
11418,4.647
11419,4.647
11420,4.647
11421,4.647
11422,4.647
11423,4.647
11424,4.647
11425,4.647
11426,4.647
11427,4.647
11428,4.647
11429,4.647
11430,4.647
11431,4.647
11432,4.647
11433,4.647
11434,4.647
11435,4.647
11436,4.647
11437,4.647
11438,4.647
11439,4.647
11440,4.647
11441,4.647
11442,4.647
11443,4.647
11444,4.647
11445,4.647
11446,4.647
11447,4.647
11448,4.647
11449,4.647
11450,4.647
11451,4.647
11452,4.647
11453,4.647
11454,4.647
11455,4.647
11456,4.647
11457,4.647
11458,4.647
11459,4.647
11460,4.647
11461,4.647
11462,4.647
11463,4.647
11464,4.647
11465,4.647
11466,4.647
11467,4.647
11468,4.647
11469,4.647
11470,4.647
11471,4.647
11472,4.647
11473,4.647
11474,4.647
11475,4.647
11476,4.647
11477,4.647
11478,4.647
11479,4.647
11480,4.647
11481,4.647
11482,4.647
11483,4.647
11484,4.647
11485,4.647
11486,4.647
11487,4.647
11488,4.647
11489,4.647
11490,4.647
11491,4.647
11492,4.647
11493,4.647
11494,4.647
11495,4.647
11496,4.647
11497,4.647
11498,4.647
11499,4.647
11500,4.647
11501,4.647
11502,4.647
11503,4.647
11504,4.647
11505,4.647
11506,4.647
11507,4.647
11508,4.647
11509,4.647
11510,4.647
11511,4.647
11512,4.647
11513,4.647
11514,4.647
11515,4.647
11516,4.647
11517,4.647
11518,4.647
11519,4.647
11520,4.647
11521,4.647
11522,4.647
11523,4.647
11524,4.647
11525,4.647
11526,4.647
11527,4.647
11528,4.647
11529,4.647
11530,4.647
11531,4.647
11532,4.647
11533,4.647
11534,4.647
11535,4.647
11536,4.647
11537,4.647
11538,4.647
11539,4.647
11540,4.647
11541,4.647
11542,4.647
11543,4.647
11544,4.647
11545,4.647
11546,4.647
11547,4.647
11548,4.647
11549,4.647
11550,4.647
11551,4.647
11552,4.647
11553,4.647
11554,4.647
11555,4.647
11556,4.647
11557,4.647
11558,4.647
11559,4.647
11560,4.647
11561,4.647
11562,4.647
11563,4.647
11564,4.647
11565,4.647
11566,4.647
11567,4.647
11568,4.647
11569,4.647
11570,4.647
11571,4.647
11572,4.647
11573,4.647
11574,4.647
11575,4.647
11576,4.647
11577,4.647
11578,4.647
11579,4.647
11580,4.647
11581,4.647
11582,4.647
11583,4.647
11584,4.647
11585,4.647
11586,4.647
11587,4.647
11588,4.647
11589,4.647
11590,4.647
11591,4.647
11592,4.647
11593,4.647
11594,4.647
11595,4.647
11596,4.647
11597,4.647
11598,4.647
11599,4.647
11600,4.647
11601,4.647
11602,4.647
11603,4.647
11604,4.647
11605,4.647
11606,4.647
11607,4.647
11608,4.647
11609,4.647
11610,4.647
11611,4.647
11612,4.647
11613,4.647
11614,4.647
11615,4.647
11616,4.647
11617,4.647
11618,4.647
11619,4.647
11620,4.647
11621,4.647
11622,4.647
11623,4.647
11624,4.647
11625,4.647
11626,4.647
11627,4.647
11628,4.647
11629,4.647
11630,4.647
11631,4.647
11632,4.647
11633,4.647
11634,4.647
11635,4.647
11636,4.647
11637,4.647
11638,4.647
11639,4.647
11640,4.647
11641,4.647
11642,4.647
11643,4.647
11644,4.647
11645,4.647
11646,4.647
11647,4.647
11648,4.647
11649,4.647
11650,4.647
11651,4.647
11652,4.647
11653,4.647
11654,4.647
11655,4.647
11656,4.647
11657,4.647
11658,4.647
11659,4.647
11660,4.647
11661,4.647
11662,4.647
11663,4.647
11664,4.647
11665,4.647
11666,4.647
11667,4.647
11668,4.647
11669,4.647
11670,4.647
11671,4.647
11672,4.647
11673,4.647
11674,4.647
11675,4.647
11676,4.647
11677,4.647
11678,4.647
11679,4.647
11680,4.647
11681,4.647
11682,4.647
11683,4.647
11684,4.647
11685,4.647
11686,4.647
11687,4.647
11688,4.647
11689,4.647
11690,4.647
11691,4.647
11692,4.647
11693,4.647
11694,4.647
11695,4.647
11696,4.647
11697,4.647
11698,4.647
11699,4.647
11700,4.647
11701,4.647
11702,4.647
11703,4.647
11704,4.647
11705,4.647
11706,4.647
11707,4.647
11708,4.647
11709,4.647
11710,4.647
11711,4.647
11712,4.647
11713,4.647
11714,4.647
11715,4.647
11716,4.647
11717,4.647
11718,4.647
11719,4.647
11720,4.647
11721,4.647
11722,4.647
11723,4.647
11724,4.647
11725,4.647
11726,4.647
11727,4.647
11728,4.647
11729,4.647
11730,4.647
11731,4.647
11732,4.647
11733,4.647
11734,4.647
11735,4.647
11736,4.647
11737,4.647
11738,4.647
11739,4.647
11740,4.647
11741,4.647
11742,4.647
11743,4.647
11744,4.647
11745,4.647
11746,4.647
11747,4.647
11748,4.647
11749,4.647
11750,4.647
11751,4.647
11752,4.647
11753,4.647
11754,4.647
11755,4.647
11756,4.647
11757,4.647
11758,4.647
11759,4.647
11760,4.647
11761,4.647
11762,4.647
11763,4.647
11764,4.647
11765,4.647
11766,4.647
11767,4.647
11768,4.647
11769,4.647
11770,4.647
11771,4.647
11772,4.647
11773,4.647
11774,4.647
11775,4.647
11776,4.647
11777,4.647
11778,4.647
11779,4.647
11780,4.647
11781,4.647
11782,4.647
11783,4.647
11784,4.647
11785,4.647
11786,4.647
11787,4.647
11788,4.647
11789,4.647
11790,4.647
11791,4.647
11792,4.647
11793,4.647
11794,4.647
11795,4.647
11796,4.647
11797,4.647
11798,4.647
11799,4.647
11800,4.647
11801,4.647
11802,4.647
11803,4.647
11804,4.647
11805,4.647
11806,4.647
11807,4.647
11808,4.647
11809,4.647
11810,4.647
11811,4.647
11812,4.647
11813,4.647
11814,4.647
11815,4.647
11816,4.647
11817,4.647
11818,4.647
11819,4.647
11820,4.647
11821,4.647
11822,4.647
11823,4.647
11824,4.647
11825,4.647
11826,4.647
11827,4.647
11828,4.647
11829,4.647
11830,4.647
11831,4.647
11832,4.647
11833,4.647
11834,4.647
11835,4.647
11836,4.647
11837,4.647
11838,4.647
11839,4.647
11840,4.647
11841,4.647
11842,4.647
11843,4.647
11844,4.647
11845,4.647
11846,4.647
11847,4.647
11848,4.647
11849,4.647
11850,4.647
11851,4.647
11852,4.647
11853,4.647
11854,4.647
11855,4.647
11856,4.647
11857,4.647
11858,4.647
11859,4.647
11860,4.647
11861,4.647
11862,4.647
11863,4.647
11864,4.647
11865,4.647
11866,4.647
11867,4.647
11868,4.647
11869,4.647
11870,4.647
11871,4.647
11872,4.647
11873,4.647
11874,4.647
11875,4.647
11876,4.647
11877,4.647
11878,4.647
11879,4.647
11880,4.647
11881,4.647
11882,4.647
11883,4.647
11884,4.647
11885,4.647
11886,4.647
11887,4.647
11888,4.647
11889,4.647
11890,4.647
11891,4.647
11892,4.647
11893,4.647
11894,4.647
11895,4.647
11896,4.647
11897,4.647
11898,4.647
11899,4.647
11900,4.647
11901,4.647
11902,4.647
11903,4.647
11904,4.647
11905,4.647
11906,4.647
11907,4.647
11908,4.647
11909,4.647
11910,4.647
11911,4.647
11912,4.647
11913,4.647
11914,4.647
11915,4.647
11916,4.647
11917,4.647
11918,4.647
11919,4.647
11920,4.647
11921,4.647
11922,4.647
11923,4.647
11924,4.647
11925,4.647
11926,4.647
11927,4.647
11928,4.647
11929,4.647
11930,4.647
11931,4.647
11932,4.647
11933,4.647
11934,4.647
11935,4.647
11936,4.647
11937,4.647
11938,4.647
11939,4.647
11940,4.647
11941,4.647
11942,4.647
11943,4.647
11944,4.647
11945,4.647
11946,4.647
11947,4.647
11948,4.647
11949,4.647
11950,4.647
11951,4.647
11952,4.647
11953,4.647
11954,4.647
11955,4.647
11956,4.647
11957,4.647
11958,4.647
11959,4.647
11960,4.647
11961,4.647
11962,4.647
11963,4.647
11964,4.647
11965,4.647
11966,4.647
11967,4.647
11968,4.647
11969,4.647
11970,4.647
11971,4.647
11972,4.647
11973,4.647
11974,4.647
11975,4.647
11976,4.647
11977,4.647
11978,4.647
11979,4.647
11980,4.647
11981,4.647
11982,4.647
11983,4.647
11984,4.647
11985,4.647
11986,4.647
11987,4.647
11988,4.647
11989,4.647
11990,4.647
11991,4.647
11992,4.647
11993,4.647
11994,4.647
11995,4.647
11996,4.647
11997,4.647
11998,4.647
11999,4.647
12000,4.647
12001,4.647
12002,4.647
12003,4.647
12004,4.647
12005,4.647
12006,4.647
12007,4.647
12008,4.647
12009,4.647
12010,4.647
12011,4.647
12012,4.647
12013,4.647
12014,4.647
12015,4.647
12016,4.647
12017,4.647
12018,4.647
12019,4.647
12020,4.647
12021,4.647
12022,4.647
12023,4.647
12024,4.647
12025,4.647
12026,4.647
12027,4.647
12028,4.647
12029,4.647
12030,4.647
12031,4.647
12032,4.647
12033,4.647
12034,4.647
12035,4.647
12036,4.647
12037,4.647
12038,4.647
12039,4.647
12040,4.647
12041,4.647
12042,4.647
12043,4.647
12044,4.647
12045,4.647
12046,4.647
12047,4.647
12048,4.647
12049,4.647
12050,4.647
12051,4.647
12052,4.647
12053,4.647
12054,4.647
12055,4.647
12056,4.647
12057,4.647
12058,4.647
12059,4.647
12060,4.647
12061,4.647
12062,4.647
12063,4.647
12064,4.647
12065,4.647
12066,4.647
12067,4.647
12068,4.647
12069,4.647
12070,4.647
12071,4.647
12072,4.647
12073,4.647
12074,4.647
12075,4.647
12076,4.647
12077,4.647
12078,4.647
12079,4.647
12080,4.647
12081,4.647
12082,4.647
12083,4.647
12084,4.647
12085,4.647
12086,4.647
12087,4.647
12088,4.647
12089,4.647
12090,4.647
12091,4.647
12092,4.647
12093,4.647
12094,4.647
12095,4.647
12096,4.647
12097,4.647
12098,4.647
12099,4.647
12100,4.647
12101,4.647
12102,4.647
12103,4.647
12104,4.647
12105,4.647
12106,4.647
12107,4.647
12108,4.647
12109,4.647
12110,4.647
12111,4.647
12112,4.647
12113,4.647
12114,4.647
12115,4.647
12116,4.647
12117,4.647
12118,4.647
12119,4.647
12120,4.647
12121,4.647
12122,4.647
12123,4.647
12124,4.647
12125,4.647
12126,4.647
12127,4.647
12128,4.647
12129,4.647
12130,4.647
12131,4.647
12132,4.647
12133,4.647
12134,4.647
12135,4.647
12136,4.647
12137,4.647
12138,4.647
12139,4.647
12140,4.647
12141,4.647
12142,4.647
12143,4.647
12144,4.647
12145,4.647
12146,4.647
12147,4.647
12148,4.647
12149,4.647
12150,4.647
12151,4.647
12152,4.647
12153,4.647
12154,4.647
12155,4.647
12156,4.647
12157,4.647
12158,4.647
12159,4.647
12160,4.647
12161,4.647
12162,4.647
12163,4.647
12164,4.647
12165,4.647
12166,4.647
12167,4.647
12168,4.647
12169,4.647
12170,4.647
12171,4.647
12172,4.647
12173,4.647
12174,4.647
12175,4.647
12176,4.647
12177,4.647
12178,4.647
12179,4.647
12180,4.647
12181,4.647
12182,4.647
12183,4.647
12184,4.647
12185,4.647
12186,4.647
12187,4.647
12188,4.647
12189,4.647
12190,4.647
12191,4.647
12192,4.647
12193,4.647
12194,4.647
12195,4.647
12196,4.647
12197,4.647
12198,4.647
12199,4.647
12200,4.647
12201,4.647
12202,4.647
12203,4.647
12204,4.647
12205,4.647
12206,4.647
12207,4.647
12208,4.647
12209,4.647
12210,4.647
12211,4.647
12212,4.647
12213,4.647
12214,4.647
12215,4.647
12216,4.647
12217,4.647
12218,4.647
12219,4.647
12220,4.647
12221,4.647
12222,4.647
12223,4.647
12224,4.647
12225,4.647
12226,4.647
12227,4.647
12228,4.647
12229,4.647
12230,4.647
12231,4.647
12232,4.647
12233,4.647
12234,4.647
12235,4.647
12236,4.647
12237,4.647
12238,4.647
12239,4.647
12240,4.647
12241,4.647
12242,4.647
12243,4.647
12244,4.647
12245,4.647
12246,4.647
12247,4.647
12248,4.647
12249,4.647
12250,4.647
12251,4.647
12252,4.647
12253,4.647
12254,4.647
12255,4.647
12256,4.647
12257,4.647
12258,4.647
12259,4.647
12260,4.647
12261,4.647
12262,4.647
12263,4.647
12264,4.647
12265,4.647
12266,4.647
12267,4.647
12268,4.647
12269,4.647
12270,4.647
12271,4.647
12272,4.647
12273,4.647
12274,4.647
12275,4.647
12276,4.647
12277,4.647
12278,4.647
12279,4.647
12280,4.647
12281,4.647
12282,4.647
12283,4.647
12284,4.647
12285,4.647
12286,4.647
12287,4.647
12288,4.647
12289,4.647
12290,4.647
12291,4.647
12292,4.647
12293,4.647
12294,4.647
12295,4.647
12296,4.647
12297,4.647
12298,4.647
12299,4.647
12300,4.647
12301,4.647
12302,4.647
12303,4.647
12304,4.647
12305,4.647
12306,4.647
12307,4.647
12308,4.647
12309,4.647
12310,4.647
12311,4.647
12312,4.647
12313,4.647
12314,4.647
12315,4.647
12316,4.647
12317,4.647
12318,4.647
12319,4.647
12320,4.647
12321,4.647
12322,4.647
12323,4.647
12324,4.647
12325,4.647
12326,4.647
12327,4.647
12328,4.647
12329,4.647
12330,4.647
12331,4.647
12332,4.647
12333,4.647
12334,4.647
12335,4.647
12336,4.647
12337,4.647
12338,4.647
12339,4.647
12340,4.647
12341,4.647
12342,4.647
12343,4.647
12344,4.647
12345,4.647
12346,4.647
12347,4.647
12348,4.647
12349,4.647
12350,4.647
12351,4.647
12352,4.647
12353,4.647
12354,4.647
12355,4.647
12356,4.647
12357,4.647
12358,4.647
12359,4.647
12360,4.647
12361,4.647
12362,4.647
12363,4.647
12364,4.647
12365,4.647
12366,4.647
12367,4.647
12368,4.647
12369,4.647
12370,4.647
12371,4.647
12372,4.647
12373,4.647
12374,4.647
12375,4.647
12376,4.647
12377,4.647
12378,4.647
12379,4.647
12380,4.647
12381,4.647
12382,4.647
12383,4.647
12384,4.647
12385,4.647
12386,4.647
12387,4.647
12388,4.647
12389,4.647
12390,4.647
12391,4.647
12392,4.647
12393,4.647
12394,4.647
12395,4.647
12396,4.647
12397,4.647
12398,4.647
12399,4.647
12400,4.647
12401,4.647
12402,4.647
12403,4.647
12404,4.647
12405,4.647
12406,4.647
12407,4.647
12408,4.647
12409,4.647
12410,4.647
12411,4.647
12412,4.647
12413,4.647
12414,4.647
12415,4.647
12416,4.647
12417,4.647
12418,4.647
12419,4.647
12420,4.647
12421,4.647
12422,4.647
12423,4.647
12424,4.647
12425,4.647
12426,4.647
12427,4.647
12428,4.647
12429,4.647
12430,4.647
12431,4.647
12432,4.647
12433,4.647
12434,4.647
12435,4.647
12436,4.647
12437,4.647
12438,4.647
12439,4.647
12440,4.647
12441,4.647
12442,4.647
12443,4.647
12444,4.647
12445,4.647
12446,4.647
12447,4.647
12448,4.647
12449,4.647
12450,4.647
12451,4.647
12452,4.647
12453,4.647
12454,4.647
12455,4.647
12456,4.647
12457,4.647
12458,4.647
12459,4.647
12460,4.647
12461,4.647
12462,4.647
12463,4.647
12464,4.647
12465,4.647
12466,4.647
12467,4.647
12468,4.647
12469,4.647
12470,4.647
12471,4.647
12472,4.647
12473,4.647
12474,4.647
12475,4.647
12476,4.647
12477,4.647
12478,4.647
12479,4.647
12480,4.647
12481,4.647
12482,4.647
12483,4.647
12484,4.647
12485,4.647
12486,4.647
12487,4.647
12488,4.647
12489,4.647
12490,4.647
12491,4.647
12492,4.647
12493,4.647
12494,4.647
12495,4.647
12496,4.647
12497,4.647
12498,4.647
12499,4.647
12500,4.647
12501,4.647
12502,4.647
12503,4.647
12504,4.647
12505,4.647
12506,4.647
12507,4.647
12508,4.647
12509,4.647
12510,4.647
12511,4.647
12512,4.647
12513,4.647
12514,4.647
12515,4.647
12516,4.647
12517,4.647
12518,4.647
12519,4.647
12520,4.647
12521,4.647
12522,4.647
12523,4.647
12524,4.647
12525,4.647
12526,4.647
12527,4.647
12528,4.647
12529,4.647
12530,4.647
12531,4.647
12532,4.647
12533,4.647
12534,4.647
12535,4.647
12536,4.647
12537,4.647
12538,4.647
12539,4.647
12540,4.647
12541,4.647
12542,4.647
12543,4.647
12544,4.647
12545,4.647
12546,4.647
12547,4.647
12548,4.647
12549,4.647
12550,4.647
12551,4.647
12552,4.647
12553,4.647
12554,4.647
12555,4.647
12556,4.647
12557,4.647
12558,4.647
12559,4.647
12560,4.647
12561,4.647
12562,4.647
12563,4.647
12564,4.647
12565,4.647
12566,4.647
12567,4.647
12568,4.647
12569,4.647
12570,4.647
12571,4.647
12572,4.647
12573,4.647
12574,4.647
12575,4.647
12576,4.647
12577,4.647
12578,4.647
12579,4.647
12580,4.647
12581,4.647
12582,4.647
12583,4.647
12584,4.647
12585,4.647
12586,4.647
12587,4.647
12588,4.647
12589,4.647
12590,4.647
12591,4.647
12592,4.647
12593,4.647
12594,4.647
12595,4.647
12596,4.647
12597,4.647
12598,4.647
12599,4.647
12600,4.647
12601,4.647
12602,4.647
12603,4.647
12604,4.647
12605,4.647
12606,4.647
12607,4.647
12608,4.647
12609,4.647
12610,4.647
12611,4.647
12612,4.647
12613,4.647
12614,4.647
12615,4.647
12616,4.647
12617,4.647
12618,4.647
12619,4.647
12620,4.647
12621,4.647
12622,4.647
12623,4.647
12624,4.647
12625,4.647
12626,4.647
12627,4.647
12628,4.647
12629,4.647
12630,4.647
12631,4.647
12632,4.647
12633,4.647
12634,4.647
12635,4.647
12636,4.647
12637,4.647
12638,4.647
12639,4.647
12640,4.647
12641,4.647
12642,4.647
12643,4.647
12644,4.647
12645,4.647
12646,4.647
12647,4.647
12648,4.647
12649,4.647
12650,4.647
12651,4.647
12652,4.647
12653,4.647
12654,4.647
12655,4.647
12656,4.647
12657,4.647
12658,4.647
12659,4.647
12660,4.647
12661,4.647
12662,4.647
12663,4.647
12664,4.647
12665,4.647
12666,4.647
12667,4.647
12668,4.647
12669,4.647
12670,4.647
12671,4.647
12672,4.647
12673,4.647
12674,4.647
12675,4.647
12676,4.647
12677,4.647
12678,4.647
12679,4.647
12680,4.647
12681,4.647
12682,4.647
12683,4.647
12684,4.647
12685,4.647
12686,4.647
12687,4.647
12688,4.647
12689,4.647
12690,4.647
12691,4.647
12692,4.647
12693,4.647
12694,4.647
12695,4.647
12696,4.647
12697,4.647
12698,4.647
12699,4.647
12700,4.647
12701,4.647
12702,4.647
12703,4.647
12704,4.647
12705,4.647
12706,4.647
12707,4.647
12708,4.647
12709,4.647
12710,4.647
12711,4.647
12712,4.647
12713,4.647
12714,4.647
12715,4.647
12716,4.647
12717,4.647
12718,4.647
12719,4.647
12720,4.647
12721,4.647
12722,4.647
12723,4.647
12724,4.647
12725,4.647
12726,4.647
12727,4.647
12728,4.647
12729,4.647
12730,4.647
12731,4.647
12732,4.647
12733,4.647
12734,4.647
12735,4.647
12736,4.647
12737,4.647
12738,4.647
12739,4.647
12740,4.647
12741,4.647
12742,4.647
12743,4.647
12744,4.647
12745,4.647
12746,4.647
12747,4.647
12748,4.647
12749,4.647
12750,4.647
12751,4.647
12752,4.647
12753,4.647
12754,4.647
12755,4.647
12756,4.647
12757,4.647
12758,4.647
12759,4.647
12760,4.647
12761,4.647
12762,4.647
12763,4.647
12764,4.647
12765,4.647
12766,4.647
12767,4.647
12768,4.647
12769,4.647
12770,4.647
12771,4.647
12772,4.647
12773,4.647
12774,4.647
12775,4.647
12776,4.647
12777,4.647
12778,4.647
12779,4.647
12780,4.647
12781,4.647
12782,4.647
12783,4.647
12784,4.647
12785,4.647
12786,4.647
12787,4.647
12788,4.647
12789,4.647
12790,4.647
12791,4.647
12792,4.647
12793,4.647
12794,4.647
12795,4.647
12796,4.647
12797,4.647
12798,4.647
12799,4.647
12800,4.647
12801,4.647
12802,4.647
12803,4.647
12804,4.647
12805,4.647
12806,4.647
12807,4.647
12808,4.647
12809,4.647
12810,4.647
12811,4.647
12812,4.647
12813,4.647
12814,4.647
12815,4.647
12816,4.647
12817,4.647
12818,4.647
12819,4.647
12820,4.647
12821,4.647
12822,4.647
12823,4.647
12824,4.647
12825,4.647
12826,4.647
12827,4.647
12828,4.647
12829,4.647
12830,4.647
12831,4.647
12832,4.647
12833,4.647
12834,4.647
12835,4.647
12836,4.647
12837,4.647
12838,4.647
12839,4.647
12840,4.647
12841,4.647
12842,4.647
12843,4.647
12844,4.647
12845,4.647
12846,4.647
12847,4.647
12848,4.647
12849,4.647
12850,4.647
12851,4.647
12852,4.647
12853,4.647
12854,4.647
12855,4.647
12856,4.647
12857,4.647
12858,4.647
12859,4.647
12860,4.647
12861,4.647
12862,4.647
12863,4.647
12864,4.647
12865,4.647
12866,4.647
12867,4.647
12868,4.647
12869,4.647
12870,4.647
12871,4.647
12872,4.647
12873,4.647
12874,4.647
12875,4.647
12876,4.647
12877,4.647
12878,4.647
12879,4.647
12880,4.647
12881,4.647
12882,4.647
12883,4.647
12884,4.647
12885,4.647
12886,4.647
12887,4.647
12888,4.647
12889,4.647
12890,4.647
12891,4.647
12892,4.647
12893,4.647
12894,4.647
12895,4.647
12896,4.647
12897,4.647
12898,4.647
12899,4.647
12900,4.647
12901,4.647
12902,4.647
12903,4.647
12904,4.647
12905,4.647
12906,4.647
12907,4.647
12908,4.647
12909,4.647
12910,4.647
12911,4.647
12912,4.647
12913,4.647
12914,4.647
12915,4.647
12916,4.647
12917,4.647
12918,4.647
12919,4.647
12920,4.647
12921,4.647
12922,4.647
12923,4.647
12924,4.647
12925,4.647
12926,4.647
12927,4.647
12928,4.647
12929,4.647
12930,4.647
12931,4.647
12932,4.647
12933,4.647
12934,4.647
12935,4.647
12936,4.647
12937,4.647
12938,4.647
12939,4.647
12940,4.647
12941,4.647
12942,4.647
12943,4.647
12944,4.647
12945,4.647
12946,4.647
12947,4.647
12948,4.647
12949,4.647
12950,4.647
12951,4.647
12952,4.647
12953,4.647
12954,4.647
12955,4.647
12956,4.647
12957,4.647
12958,4.647
12959,4.647
12960,4.647
12961,4.647
12962,4.647
12963,4.647
12964,4.647
12965,4.647
12966,4.647
12967,4.647
12968,4.647
12969,4.647
12970,4.647
12971,4.647
12972,4.647
12973,4.647
12974,4.647
12975,4.647
12976,4.647
12977,4.647
12978,4.647
12979,4.647
12980,4.647
12981,4.647
12982,4.647
12983,4.647
12984,4.647
12985,4.647
12986,4.647
12987,4.647
12988,4.647
12989,4.647
12990,4.647
12991,4.647
12992,4.647
12993,4.647
12994,4.647
12995,4.647
12996,4.647
12997,4.647
12998,4.647
12999,4.647
13000,4.647
13001,4.647
13002,4.647
13003,4.647
13004,4.647
13005,4.647
13006,4.647
13007,4.647
13008,4.647
13009,4.647
13010,4.647
13011,4.647
13012,4.647
13013,4.647
13014,4.647
13015,4.647
13016,4.647
13017,4.647
13018,4.647
13019,4.647
13020,4.647
13021,4.647
13022,4.647
13023,4.647
13024,4.647
13025,4.647
13026,4.647
13027,4.647
13028,4.647
13029,4.647
13030,4.647
13031,4.647
13032,4.647
13033,4.647
13034,4.647
13035,4.647
13036,4.647
13037,4.647
13038,4.647
13039,4.647
13040,4.647
13041,4.647
13042,4.647
13043,4.647
13044,4.647
13045,4.647
13046,4.647
13047,4.647
13048,4.647
13049,4.647
13050,4.647
13051,4.647
13052,4.647
13053,4.647
13054,4.647
13055,4.647
13056,4.647
13057,4.647
13058,4.647
13059,4.647
13060,4.647
13061,4.647
13062,4.647
13063,4.647
13064,4.647
13065,4.647
13066,4.647
13067,4.647
13068,4.647
13069,4.647
13070,4.647
13071,4.647
13072,4.647
13073,4.647
13074,4.647
13075,4.647
13076,4.647
13077,4.647
13078,4.647
13079,4.647
13080,4.647
13081,4.647
13082,4.647
13083,4.647
13084,4.647
13085,4.647
13086,4.647
13087,4.647
13088,4.647
13089,4.647
13090,4.647
13091,4.647
13092,4.647
13093,4.647
13094,4.647
13095,4.647
13096,4.647
13097,4.647
13098,4.647
13099,4.647
13100,4.647
13101,4.647
13102,4.647
13103,4.647
13104,4.647
13105,4.647
13106,4.647
13107,4.647
13108,4.647
13109,4.647
13110,4.647
13111,4.647
13112,4.647
13113,4.647
13114,4.647
13115,4.647
13116,4.647
13117,4.647
13118,4.647
13119,4.647
13120,4.647
13121,4.647
13122,4.647
13123,4.647
13124,4.647
13125,4.647
13126,4.647
13127,4.647
13128,4.647
13129,4.647
13130,4.647
13131,4.647
13132,4.647
13133,4.647
13134,4.647
13135,4.647
13136,4.647
13137,4.647
13138,4.647
13139,4.647
13140,4.647
13141,4.647
13142,4.647
13143,4.647
13144,4.647
13145,4.647
13146,4.647
13147,4.647
13148,4.647
13149,4.647
13150,4.647
13151,4.647
13152,4.647
13153,4.647
13154,4.647
13155,4.647
13156,4.647
13157,4.647
13158,4.647
13159,4.647
13160,4.647
13161,4.647
13162,4.647
13163,4.647
13164,4.647
13165,4.647
13166,4.647
13167,4.647
13168,4.647
13169,4.647
13170,4.647
13171,4.647
13172,4.647
13173,4.647
13174,4.647
13175,4.647
13176,4.647
13177,4.647
13178,4.647
13179,4.647
13180,4.647
13181,4.647
13182,4.647
13183,4.647
13184,4.647
13185,4.647
13186,4.647
13187,4.647
13188,4.647
13189,4.647
13190,4.647
13191,4.647
13192,4.647
13193,4.647
13194,4.647
13195,4.647
13196,4.647
13197,4.647
13198,4.647
13199,4.647
13200,4.647
13201,4.647
13202,4.647
13203,4.647
13204,4.647
13205,4.647
13206,4.647
13207,4.647
13208,4.647
13209,4.647
13210,4.647
13211,4.647
13212,4.647
13213,4.647
13214,4.647
13215,4.647
13216,4.647
13217,4.647
13218,4.647
13219,4.647
13220,4.647
13221,4.647
13222,4.647
13223,4.647
13224,4.647
13225,4.647
13226,4.647
13227,4.647
13228,4.647
13229,4.647
13230,4.647
13231,4.647
13232,4.647
13233,4.647
13234,4.647
13235,4.647
13236,4.647
13237,4.647
13238,4.647
13239,4.647
13240,4.647
13241,4.647
13242,4.647
13243,4.647
13244,4.647
13245,4.647
13246,4.647
13247,4.647
13248,4.647
13249,4.647
13250,4.647
13251,4.647
13252,4.647
13253,4.647
13254,4.647
13255,4.647
13256,4.647
13257,4.647
13258,4.647
13259,4.647
13260,4.647
13261,4.647
13262,4.647
13263,4.647
13264,4.647
13265,4.647
13266,4.647
13267,4.647
13268,4.647
13269,4.647
13270,4.647
13271,4.647
13272,4.647
13273,4.647
13274,4.647
13275,4.647
13276,4.647
13277,4.647
13278,4.647
13279,4.647
13280,4.647
13281,4.647
13282,4.647
13283,4.647
13284,4.647
13285,4.647
13286,4.647
13287,4.647
13288,4.647
13289,4.647
13290,4.647
13291,4.647
13292,4.647
13293,4.647
13294,4.647
13295,4.647
13296,4.647
13297,4.647
13298,4.647
13299,4.647
13300,4.647
13301,4.647
13302,4.647
13303,4.647
13304,4.647
13305,4.647
13306,4.647
13307,4.647
13308,4.647
13309,4.647
13310,4.647
13311,4.647
13312,4.647
13313,4.647
13314,4.647
13315,4.647
13316,4.647
13317,4.647
13318,4.647
13319,4.647
13320,4.647
13321,4.647
13322,4.647
13323,4.647
13324,4.647
13325,4.647
13326,4.647
13327,4.647
13328,4.647
13329,4.647
13330,4.647
13331,4.647
13332,4.647
13333,4.647
13334,4.647
13335,4.647
13336,4.647
13337,4.647
13338,4.647
13339,4.647
13340,4.647
13341,4.647
13342,4.647
13343,4.647
13344,4.647
13345,4.647
13346,4.647
13347,4.647
13348,4.647
13349,4.647
13350,4.647
13351,4.647
13352,4.647
13353,4.647
13354,4.647
13355,4.647
13356,4.647
13357,4.647
13358,4.647
13359,4.647
13360,4.647
13361,4.647
13362,4.647
13363,4.647
13364,4.647
13365,4.647
13366,4.647
13367,4.647
13368,4.647
13369,4.647
13370,4.647
13371,4.647
13372,4.647
13373,4.647
13374,4.647
13375,4.647
13376,4.647
13377,4.647
13378,4.647
13379,4.647
13380,4.647
13381,4.647
13382,4.647
13383,4.647
13384,4.647
13385,4.647
13386,4.647
13387,4.647
13388,4.647
13389,4.647
13390,4.647
13391,4.647
13392,4.647
13393,4.647
13394,4.647
13395,4.647
13396,4.647
13397,4.647
13398,4.647
13399,4.647
13400,4.647
13401,4.647
13402,4.647
13403,4.647
13404,4.647
13405,4.647
13406,4.647
13407,4.647
13408,4.647
13409,4.647
13410,4.647
13411,4.647
13412,4.647
13413,4.647
13414,4.647
13415,4.647
13416,4.647
13417,4.647
13418,4.647
13419,4.647
13420,4.647
13421,4.647
13422,4.647
13423,4.647
13424,4.647
13425,4.647
13426,4.647
13427,4.647
13428,4.647
13429,4.647
13430,4.647
13431,4.647
13432,4.647
13433,4.647
13434,4.647
13435,4.647
13436,4.647
13437,4.647
13438,4.647
13439,4.647
13440,4.647
13441,4.647
13442,4.647
13443,4.647
13444,4.647
13445,4.647
13446,4.647
13447,4.647
13448,4.647
13449,4.647
13450,4.647
13451,4.647
13452,4.647
13453,4.647
13454,4.647
13455,4.647
13456,4.647
13457,4.647
13458,4.647
13459,4.647
13460,4.647
13461,4.647
13462,4.647
13463,4.647
13464,4.647
13465,4.647
13466,4.647
13467,4.647
13468,4.647
13469,4.647
13470,4.647
13471,4.647
13472,4.647
13473,4.647
13474,4.647
13475,4.647
13476,4.647
13477,4.647
13478,4.647
13479,4.647
13480,4.647
13481,4.647
13482,4.647
13483,4.647
13484,4.647
13485,4.647
13486,4.647
13487,4.647
13488,4.647
13489,4.647
13490,4.647
13491,4.647
13492,4.647
13493,4.647
13494,4.647
13495,4.647
13496,4.647
13497,4.647
13498,4.647
13499,4.647
13500,4.647
13501,4.647
13502,4.647
13503,4.647
13504,4.647
13505,4.647
13506,4.647
13507,4.647
13508,4.647
13509,4.647
13510,4.647
13511,4.647
13512,4.647
13513,4.647
13514,4.647
13515,4.647
13516,4.647
13517,4.647
13518,4.647
13519,4.647
13520,4.647
13521,4.647
13522,4.647
13523,4.647
13524,4.647
13525,4.647
13526,4.647
13527,4.647
13528,4.647
13529,4.647
13530,4.647
13531,4.647
13532,4.647
13533,4.647
13534,4.647
13535,4.647
13536,4.647
13537,4.647
13538,4.647
13539,4.647
13540,4.647
13541,4.647
13542,4.647
13543,4.647
13544,4.647
13545,4.647
13546,4.647
13547,4.647
13548,4.647
13549,4.647
13550,4.647
13551,4.647
13552,4.647
13553,4.647
13554,4.647
13555,4.647
13556,4.647
13557,4.647
13558,4.647
13559,4.647
13560,4.647
13561,4.647
13562,4.647
13563,4.647
13564,4.647
13565,4.647
13566,4.647
13567,4.647
13568,4.647
13569,4.647
13570,4.647
13571,4.647
13572,4.647
13573,4.647
13574,4.647
13575,4.647
13576,4.647
13577,4.647
13578,4.647
13579,4.647
13580,4.647
13581,4.647
13582,4.647
13583,4.647
13584,4.647
13585,4.647
13586,4.647
13587,4.647
13588,4.647
13589,4.647
13590,4.647
13591,4.647
13592,4.647
13593,4.647
13594,4.647
13595,4.647
13596,4.647
13597,4.647
13598,4.647
13599,4.647
13600,4.647
13601,4.647
13602,4.647
13603,4.647
13604,4.647
13605,4.647
13606,4.647
13607,4.647
13608,4.647
13609,4.647
13610,4.647
13611,4.647
13612,4.647
13613,4.647
13614,4.647
13615,4.647
13616,4.647
13617,4.647
13618,4.647
13619,4.647
13620,4.647
13621,4.647
13622,4.647
13623,4.647
13624,4.647
13625,4.647
13626,4.647
13627,4.647
13628,4.647
13629,4.647
13630,4.647
13631,4.647
13632,4.647
13633,4.647
13634,4.647
13635,4.647
13636,4.647
13637,4.647
13638,4.647
13639,4.647
13640,4.647
13641,4.647
13642,4.647
13643,4.647
13644,4.647
13645,4.647
13646,4.647
13647,4.647
13648,4.647
13649,4.647
13650,4.647
13651,4.647
13652,4.647
13653,4.647
13654,4.647
13655,4.647
13656,4.647
13657,4.647
13658,4.647
13659,4.647
13660,4.647
13661,4.647
13662,4.647
13663,4.647
13664,4.647
13665,4.647
13666,4.647
13667,4.647
13668,4.647
13669,4.647
13670,4.647
13671,4.647
13672,4.647
13673,4.647
13674,4.647
13675,4.647
13676,4.647
13677,4.647
13678,4.647
13679,4.647
13680,4.647
13681,4.647
13682,4.647
13683,4.647
13684,4.647
13685,4.647
13686,4.647
13687,4.647
13688,4.647
13689,4.647
13690,4.647
13691,4.647
13692,4.647
13693,4.647
13694,4.647
13695,4.647
13696,4.647
13697,4.647
13698,4.647
13699,4.647
13700,4.647
13701,4.647
13702,4.647
13703,4.647
13704,4.647
13705,4.647
13706,4.647
13707,4.647
13708,4.647
13709,4.647
13710,4.647
13711,4.647
13712,4.647
13713,4.647
13714,4.647
13715,4.647
13716,4.647
13717,4.647
13718,4.647
13719,4.647
13720,4.647
13721,4.647
13722,4.647
13723,4.647
13724,4.647
13725,4.647
13726,4.647
13727,4.647
13728,4.647
13729,4.647
13730,4.647
13731,4.647
13732,4.647
13733,4.647
13734,4.647
13735,4.647
13736,4.647
13737,4.647
13738,4.647
13739,4.647
13740,4.647
13741,4.647
13742,4.647
13743,4.647
13744,4.647
13745,4.647
13746,4.647
13747,4.647
13748,4.647
13749,4.647
13750,4.647
13751,4.647
13752,4.647
13753,4.647
13754,4.647
13755,4.647
13756,4.647
13757,4.647
13758,4.647
13759,4.647
13760,4.647
13761,4.647
13762,4.647
13763,4.647
13764,4.647
13765,4.647
13766,4.647
13767,4.647
13768,4.647
13769,4.647
13770,4.647
13771,4.647
13772,4.647
13773,4.647
13774,4.647
13775,4.647
13776,4.647
13777,4.647
13778,4.647
13779,4.647
13780,4.647
13781,4.647
13782,4.647
13783,4.647
13784,4.647
13785,4.647
13786,4.647
13787,4.647
13788,4.647
13789,4.647
13790,4.647
13791,4.647
13792,4.647
13793,4.647
13794,4.647
13795,4.647
13796,4.647
13797,4.647
13798,4.647
13799,4.647
13800,4.647
13801,4.647
13802,4.647
13803,4.647
13804,4.647
13805,4.647
13806,4.647
13807,4.647
13808,4.647
13809,4.647
13810,4.647
13811,4.647
13812,4.647
13813,4.647
13814,4.647
13815,4.647
13816,4.647
13817,4.647
13818,4.647
13819,4.647
13820,4.647
13821,4.647
13822,4.647
13823,4.647
13824,4.647
13825,4.647
13826,4.647
13827,4.647
13828,4.647
13829,4.647
13830,4.647
13831,4.647
13832,4.647
13833,4.647
13834,4.647
13835,4.647
13836,4.647
13837,4.647
13838,4.647
13839,4.647
13840,4.647
13841,4.647
13842,4.647
13843,4.647
13844,4.647
13845,4.647
13846,4.647
13847,4.647
13848,4.647
13849,4.647
13850,4.647
13851,4.647
13852,4.647
13853,4.647
13854,4.647
13855,4.647
13856,4.647
13857,4.647
13858,4.647
13859,4.647
13860,4.647
13861,4.647
13862,4.647
13863,4.647
13864,4.647
13865,4.647
13866,4.647
13867,4.647
13868,4.647
13869,4.647
13870,4.647
13871,4.647
13872,4.647
13873,4.647
13874,4.647
13875,4.647
13876,4.647
13877,4.647
13878,4.647
13879,4.647
13880,4.647
13881,4.647
13882,4.647
13883,4.647
13884,4.647
13885,4.647
13886,4.647
13887,4.647
13888,4.647
13889,4.647
13890,4.647
13891,4.647
13892,4.647
13893,4.647
13894,4.647
13895,4.647
13896,4.647
13897,4.647
13898,4.647
13899,4.647
13900,4.647
13901,4.647
13902,4.647
13903,4.647
13904,4.647
13905,4.647
13906,4.647
13907,4.647
13908,4.647
13909,4.647
13910,4.647
13911,4.647
13912,4.647
13913,4.647
13914,4.647
13915,4.647
13916,4.647
13917,4.647
13918,4.647
13919,4.647
13920,4.647
13921,4.647
13922,4.647
13923,4.647
13924,4.647
13925,4.647
13926,4.647
13927,4.647
13928,4.647
13929,4.647
13930,4.647
13931,4.647
13932,4.647
13933,4.647
13934,4.647
13935,4.647
13936,4.647
13937,4.647
13938,4.647
13939,4.647
13940,4.647
13941,4.647
13942,4.647
13943,4.647
13944,4.647
13945,4.647
13946,4.647
13947,4.647
13948,4.647
13949,4.647
13950,4.647
13951,4.647
13952,4.647
13953,4.647
13954,4.647
13955,4.647
13956,4.647
13957,4.647
13958,4.647
13959,4.647
13960,4.647
13961,4.647
13962,4.647
13963,4.647
13964,4.647
13965,4.647
13966,4.647
13967,4.647
13968,4.647
13969,4.647
13970,4.647
13971,4.647
13972,4.647
13973,4.647
13974,4.647
13975,4.647
13976,4.647
13977,4.647
13978,4.647
13979,4.647
13980,4.647
13981,4.647
13982,4.647
13983,4.647
13984,4.647
13985,4.647
13986,4.647
13987,4.647
13988,4.647
13989,4.647
13990,4.647
13991,4.647
13992,4.647
13993,4.647
13994,4.647
13995,4.647
13996,4.647
13997,4.647
13998,4.647
13999,4.647
14000,4.647
14001,4.647
14002,4.647
14003,4.647
14004,4.647
14005,4.647
14006,4.647
14007,4.647
14008,4.647
14009,4.647
14010,4.647
14011,4.647
14012,4.647
14013,4.647
14014,4.647
14015,4.647
14016,4.647
14017,4.647
14018,4.647
14019,4.647
14020,4.647
14021,4.647
14022,4.647
14023,4.647
14024,4.647
14025,4.647
14026,4.647
14027,4.647
14028,4.647
14029,4.647
14030,4.647
14031,4.647
14032,4.647
14033,4.647
14034,4.647
14035,4.647
14036,4.647
14037,4.647
14038,4.647
14039,4.647
14040,4.647
14041,4.647
14042,4.647
14043,4.647
14044,4.647
14045,4.647
14046,4.647
14047,4.647
14048,4.647
14049,4.647
14050,4.647
14051,4.647
14052,4.647
14053,4.647
14054,4.647
14055,4.647
14056,4.647
14057,4.647
14058,4.647
14059,4.647
14060,4.647
14061,4.647
14062,4.647
14063,4.647
14064,4.647
14065,4.647
14066,4.647
14067,4.647
14068,4.647
14069,4.647
14070,4.647
14071,4.647
14072,4.647
14073,4.647
14074,4.647
14075,4.647
14076,4.647
14077,4.647
14078,4.647
14079,4.647
14080,4.647
14081,4.647
14082,4.647
14083,4.647
14084,4.647
14085,4.647
14086,4.647
14087,4.647
14088,4.647
14089,4.647
14090,4.647
14091,4.647
14092,4.647
14093,4.647
14094,4.647
14095,4.647
14096,4.647
14097,4.647
14098,4.647
14099,4.647
14100,4.647
14101,4.647
14102,4.647
14103,4.647
14104,4.647
14105,4.647
14106,4.647
14107,4.647
14108,4.647
14109,4.647
14110,4.647
14111,4.647
14112,4.647
14113,4.647
14114,4.647
14115,4.647
14116,4.647
14117,4.647
14118,4.647
14119,4.647
14120,4.647
14121,4.647
14122,4.647
14123,4.647
14124,4.647
14125,4.647
14126,4.647
14127,4.647
14128,4.647
14129,4.647
14130,4.647
14131,4.647
14132,4.647
14133,4.647
14134,4.647
14135,4.647
14136,4.647
14137,4.647
14138,4.647
14139,4.647
14140,4.647
14141,4.647
14142,4.647
14143,4.647
14144,4.647
14145,4.647
14146,4.647
14147,4.647
14148,4.647
14149,4.647
14150,4.647
14151,4.647
14152,4.647
14153,4.647
14154,4.647
14155,4.647
14156,4.647
14157,4.647
14158,4.647
14159,4.647
14160,4.647
14161,4.647
14162,4.647
14163,4.647
14164,4.647
14165,4.647
14166,4.647
14167,4.647
14168,4.647
14169,4.647
14170,4.647
14171,4.647
14172,4.647
14173,4.647
14174,4.647
14175,4.647
14176,4.647
14177,4.647
14178,4.647
14179,4.647
14180,4.647
14181,4.647
14182,4.647
14183,4.647
14184,4.647
14185,4.647
14186,4.647
14187,4.647
14188,4.647
14189,4.647
14190,4.647
14191,4.647
14192,4.647
14193,4.647
14194,4.647
14195,4.647
14196,4.647
14197,4.647
14198,4.647
14199,4.647
14200,4.647
14201,4.647
14202,4.647
14203,4.647
14204,4.647
14205,4.647
14206,4.647
14207,4.647
14208,4.647
14209,4.647
14210,4.647
14211,4.647
14212,4.647
14213,4.647
14214,4.647
14215,4.647
14216,4.647
14217,4.647
14218,4.647
14219,4.647
14220,4.647
14221,4.647
14222,4.647
14223,4.647
14224,4.647
14225,4.647
14226,4.647
14227,4.647
14228,4.647
14229,4.647
14230,4.647
14231,4.647
14232,4.647
14233,4.647
14234,4.647
14235,4.647
14236,4.647
14237,4.647
14238,4.647
14239,4.647
14240,4.647
14241,4.647
14242,4.647
14243,4.647
14244,4.647
14245,4.647
14246,4.647
14247,4.647
14248,4.647
14249,4.647
14250,4.647
14251,4.647
14252,4.647
14253,4.647
14254,4.647
14255,4.647
14256,4.647
14257,4.647
14258,4.647
14259,4.647
14260,4.647
14261,4.647
14262,4.647
14263,4.647
14264,4.647
14265,4.647
14266,4.647
14267,4.647
14268,4.647
14269,4.647
14270,4.647
14271,4.647
14272,4.647
14273,4.647
14274,4.647
14275,4.647
14276,4.647
14277,4.647
14278,4.647
14279,4.647
14280,4.647
14281,4.647
14282,4.647
14283,4.647
14284,4.647
14285,4.647
14286,4.647
14287,4.647
14288,4.647
14289,4.647
14290,4.647
14291,4.647
14292,4.647
14293,4.647
14294,4.647
14295,4.647
14296,4.647
14297,4.647
14298,4.647
14299,4.647
14300,4.647
14301,4.647
14302,4.647
14303,4.647
14304,4.647
14305,4.647
14306,4.647
14307,4.647
14308,4.647
14309,4.647
14310,4.647
14311,4.647
14312,4.647
14313,4.647
14314,4.647
14315,4.647
14316,4.647
14317,4.647
14318,4.647
14319,4.647
14320,4.647
14321,4.647
14322,4.647
14323,4.647
14324,4.647
14325,4.647
14326,4.647
14327,4.647
14328,4.647
14329,4.647
14330,4.647
14331,4.647
14332,4.647
14333,4.647
14334,4.647
14335,4.647
14336,4.647
14337,4.647
14338,4.647
14339,4.647
14340,4.647
14341,4.647
14342,4.647
14343,4.647
14344,4.647
14345,4.647
14346,4.647
14347,4.647
14348,4.647
14349,4.647
14350,4.647
14351,4.647
14352,4.647
14353,4.647
14354,4.647
14355,4.647
14356,4.647
14357,4.647
14358,4.647
14359,4.647
14360,4.647
14361,4.647
14362,4.647
14363,4.647
14364,4.647
14365,4.647
14366,4.647
14367,4.647
14368,4.647
14369,4.647
14370,4.647
14371,4.647
14372,4.647
14373,4.647
14374,4.647
14375,4.647
14376,4.647
14377,4.647
14378,4.647
14379,4.647
14380,4.647
14381,4.647
14382,4.647
14383,4.647
14384,4.647
14385,4.647
14386,4.647
14387,4.647
14388,4.647
14389,4.647
14390,4.647
14391,4.647
14392,4.647
14393,4.647
14394,4.647
14395,4.647
14396,4.647
14397,4.647
14398,4.647
14399,4.647
14400,4.647
14401,4.647
14402,4.647
14403,4.647
14404,4.647
14405,4.647
14406,4.647
14407,4.647
14408,4.647
14409,4.647
14410,4.647
14411,4.647
14412,4.647
14413,4.647
14414,4.647
14415,4.647
14416,4.647
14417,4.647
14418,4.647
14419,4.647
14420,4.647
14421,4.647
14422,4.647
14423,4.647
14424,4.647
14425,4.647
14426,4.647
14427,4.647
14428,4.647
14429,4.647
14430,4.647
14431,4.647
14432,4.647
14433,4.647
14434,4.647
14435,4.647
14436,4.647
14437,4.647
14438,4.647
14439,4.647
14440,4.647
14441,4.647
14442,4.647
14443,4.647
14444,4.647
14445,4.647
14446,4.647
14447,4.647
14448,4.647
14449,4.647
14450,4.647
14451,4.647
14452,4.647
14453,4.647
14454,4.647
14455,4.647
14456,4.647
14457,4.647
14458,4.647
14459,4.647
14460,4.647
14461,4.647
14462,4.647
14463,4.647
14464,4.647
14465,4.647
14466,4.647
14467,4.647
14468,4.647
14469,4.647
14470,4.647
14471,4.647
14472,4.647
14473,4.647
14474,4.647
14475,4.647
14476,4.647
14477,4.647
14478,4.647
14479,4.647
14480,4.647
14481,4.647
14482,4.647
14483,4.647
14484,4.647
14485,4.647
14486,4.647
14487,4.647
14488,4.647
14489,4.647
14490,4.647
14491,4.647
14492,4.647
14493,4.647
14494,4.647
14495,4.647
14496,4.647
14497,4.647
14498,4.647
14499,4.647
14500,4.647
14501,4.647
14502,4.647
14503,4.647
14504,4.647
14505,4.647
14506,4.647
14507,4.647
14508,4.647
14509,4.647
14510,4.647
14511,4.647
14512,4.647
14513,4.647
14514,4.647
14515,4.647
14516,4.647
14517,4.647
14518,4.647
14519,4.647
14520,4.647
14521,4.647
14522,4.647
14523,4.647
14524,4.647
14525,4.647
14526,4.647
14527,4.647
14528,4.647
14529,4.647
14530,4.647
14531,4.647
14532,4.647
14533,4.647
14534,4.647
14535,4.647
14536,4.647
14537,4.647
14538,4.647
14539,4.647
14540,4.647
14541,4.647
14542,4.647
14543,4.647
14544,4.647
14545,4.647
14546,4.647
14547,4.647
14548,4.647
14549,4.647
14550,4.647
14551,4.647
14552,4.647
14553,4.647
14554,4.647
14555,4.647
14556,4.647
14557,4.647
14558,4.647
14559,4.647
14560,4.647
14561,4.647
14562,4.647
14563,4.647
14564,4.647
14565,4.647
14566,4.647
14567,4.647
14568,4.647
14569,4.647
14570,4.647
14571,4.647
14572,4.647
14573,4.647
14574,4.647
14575,4.647
14576,4.647
14577,4.647
14578,4.647
14579,4.647
14580,4.647
14581,4.647
14582,4.647
14583,4.647
14584,4.647
14585,4.647
14586,4.647
14587,4.647
14588,4.647
14589,4.647
14590,4.647
14591,4.647
14592,4.647
14593,4.647
14594,4.647
14595,4.647
14596,4.647
14597,4.647
14598,4.647
14599,4.647
14600,4.647
14601,4.647
14602,4.647
14603,4.647
14604,4.647
14605,4.647
14606,4.647
14607,4.647
14608,4.647
14609,4.647
14610,4.647
14611,4.647
14612,4.647
14613,4.647
14614,4.647
14615,4.647
14616,4.647
14617,4.647
14618,4.647
14619,4.647
14620,4.647
14621,4.647
14622,4.647
14623,4.647
14624,4.647
14625,4.647
14626,4.647
14627,4.647
14628,4.647
14629,4.647
14630,4.647
14631,4.647
14632,4.647
14633,4.647
14634,4.647
14635,4.647
14636,4.647
14637,4.647
14638,4.647
14639,4.647
14640,4.647
14641,4.647
14642,4.647
14643,4.647
14644,4.647
14645,4.647
14646,4.647
14647,4.647
14648,4.647
14649,4.647
14650,4.647
14651,4.647
14652,4.647
14653,4.647
14654,4.647
14655,4.647
14656,4.647
14657,4.647
14658,4.647
14659,4.647
14660,4.647
14661,4.647
14662,4.647
14663,4.647
14664,4.647
14665,4.647
14666,4.647
14667,4.647
14668,4.647
14669,4.647
14670,4.647
14671,4.647
14672,4.647
14673,4.647
14674,4.647
14675,4.647
14676,4.647
14677,4.647
14678,4.647
14679,4.647
14680,4.647
14681,4.647
14682,4.647
14683,4.647
14684,4.647
14685,4.647
14686,4.647
14687,4.647
14688,4.647
14689,4.647
14690,4.647
14691,4.647
14692,4.647
14693,4.647
14694,4.647
14695,4.647
14696,4.647
14697,4.647
14698,4.647
14699,4.647
14700,4.647
14701,4.647
14702,4.647
14703,4.647
14704,4.647
14705,4.647
14706,4.647
14707,4.647
14708,4.647
14709,4.647
14710,4.647
14711,4.647
14712,4.647
14713,4.647
14714,4.647
14715,4.647
14716,4.647
14717,4.647
14718,4.647
14719,4.647
14720,4.647
14721,4.647
14722,4.647
14723,4.647
14724,4.647
14725,4.647
14726,4.647
14727,4.647
14728,4.647
14729,4.647
14730,4.647
14731,4.647
14732,4.647
14733,4.647
14734,4.647
14735,4.647
14736,4.647
14737,4.647
14738,4.647
14739,4.647
14740,4.647
14741,4.647
14742,4.647
14743,4.647
14744,4.647
14745,4.647
14746,4.647
14747,4.647
14748,4.647
14749,4.647
14750,4.647
14751,4.647
14752,4.647
14753,4.647
14754,4.647
14755,4.647
14756,4.647
14757,4.647
14758,4.647
14759,4.647
14760,4.647
14761,4.647
14762,4.647
14763,4.647
14764,4.647
14765,4.647
14766,4.647
14767,4.647
14768,4.647
14769,4.647
14770,4.647
14771,4.647
14772,4.647
14773,4.647
14774,4.647
14775,4.647
14776,4.647
14777,4.647
14778,4.647
14779,4.647
14780,4.647
14781,4.647
14782,4.647
14783,4.647
14784,4.647
14785,4.647
14786,4.647
14787,4.647
14788,4.647
14789,4.647
14790,4.647
14791,4.647
14792,4.647
14793,4.647
14794,4.647
14795,4.647
14796,4.647
14797,4.647
14798,4.647
14799,4.647
14800,4.647
14801,4.647
14802,4.647
14803,4.647
14804,4.647
14805,4.647
14806,4.647
14807,4.647
14808,4.647
14809,4.647
14810,4.647
14811,4.647
14812,4.647
14813,4.647
14814,4.647
14815,4.647
14816,4.647
14817,4.647
14818,4.647
14819,4.647
14820,4.647
14821,4.647
14822,4.647
14823,4.647
14824,4.647
14825,4.647
14826,4.647
14827,4.647
14828,4.647
14829,4.647
14830,4.647
14831,4.647
14832,4.647
14833,4.647
14834,4.647
14835,4.647
14836,4.647
14837,4.647
14838,4.647
14839,4.647
14840,4.647
14841,4.647
14842,4.647
14843,4.647
14844,4.647
14845,4.647
14846,4.647
14847,4.647
14848,4.647
14849,4.647
14850,4.647
14851,4.647
14852,4.647
14853,4.647
14854,4.647
14855,4.647
14856,4.647
14857,4.647
14858,4.647
14859,4.647
14860,4.647
14861,4.647
14862,4.647
14863,4.647
14864,4.647
14865,4.647
14866,4.647
14867,4.647
14868,4.647
14869,4.647
14870,4.647
14871,4.647
14872,4.647
14873,4.647
14874,4.647
14875,4.647
14876,4.647
14877,4.647
14878,4.647
14879,4.647
14880,4.647
14881,4.647
14882,4.647
14883,4.647
14884,4.647
14885,4.647
14886,4.647
14887,4.647
14888,4.647
14889,4.647
14890,4.647
14891,4.647
14892,4.647
14893,4.647
14894,4.647
14895,4.647
14896,4.647
14897,4.647
14898,4.647
14899,4.647
14900,4.647
14901,4.647
14902,4.647
14903,4.647
14904,4.647
14905,4.647
14906,4.647
14907,4.647
14908,4.647
14909,4.647
14910,4.647
14911,4.647
14912,4.647
14913,4.647
14914,4.647
14915,4.647
14916,4.647
14917,4.647
14918,4.647
14919,4.647
14920,4.647
14921,4.647
14922,4.647
14923,4.647
14924,4.647
14925,4.647
14926,4.647
14927,4.647
14928,4.647
14929,4.647
14930,4.647
14931,4.647
14932,4.647
14933,4.647
14934,4.647
14935,4.647
14936,4.647
14937,4.647
14938,4.647
14939,4.647
14940,4.647
14941,4.647
14942,4.647
14943,4.647
14944,4.647
14945,4.647
14946,4.647
14947,4.647
14948,4.647
14949,4.647
14950,4.647
14951,4.647
14952,4.647
14953,4.647
14954,4.647
14955,4.647
14956,4.647
14957,4.647
14958,4.647
14959,4.647
14960,4.647
14961,4.647
14962,4.647
14963,4.647
14964,4.647
14965,4.647
14966,4.647
14967,4.647
14968,4.647
14969,4.647
14970,4.647
14971,4.647
14972,4.647
14973,4.647
14974,4.647
14975,4.647
14976,4.647
14977,4.647
14978,4.647
14979,4.647
14980,4.647
14981,4.647
14982,4.647
14983,4.647
14984,4.647
14985,4.647
14986,4.647
14987,4.647
14988,4.647
14989,4.647
14990,4.647
14991,4.647
14992,4.647
14993,4.647
14994,4.647
14995,4.647
14996,4.647
14997,4.647
14998,4.647
14999,4.647
15000,4.647
15001,4.647
15002,4.647
15003,4.647
15004,4.647
15005,4.647
15006,4.647
15007,4.647
15008,4.647
15009,4.647
15010,4.647
15011,4.647
15012,4.647
15013,4.647
15014,4.647
15015,4.647
15016,4.647
15017,4.647
15018,4.647
15019,4.647
15020,4.647
15021,4.647
15022,4.647
15023,4.647
15024,4.647
15025,4.647
15026,4.647
15027,4.647
15028,4.647
15029,4.647
15030,4.647
15031,4.647
15032,4.647
15033,4.647
15034,4.647
15035,4.647
15036,4.647
15037,4.647
15038,4.647
15039,4.647
15040,4.647
15041,4.647
15042,4.647
15043,4.647
15044,4.647
15045,4.647
15046,4.647
15047,4.647
15048,4.647
15049,4.647
15050,4.647
15051,4.647
15052,4.647
15053,4.647
15054,4.647
15055,4.647
15056,4.647
15057,4.647
15058,4.647
15059,4.647
15060,4.647
15061,4.647
15062,4.647
15063,4.647
15064,4.647
15065,4.647
15066,4.647
15067,4.647
15068,4.647
15069,4.647
15070,4.647
15071,4.647
15072,4.647
15073,4.647
15074,4.647
15075,4.647
15076,4.647
15077,4.647
15078,4.647
15079,4.647
15080,4.647
15081,4.647
15082,4.647
15083,4.647
15084,4.647
15085,4.647
15086,4.647
15087,4.647
15088,4.647
15089,4.647
15090,4.647
15091,4.647
15092,4.647
15093,4.647
15094,4.647
15095,4.647
15096,4.647
15097,4.647
15098,4.647
15099,4.647
15100,4.647
15101,4.647
15102,4.647
15103,4.647
15104,4.647
15105,4.647
15106,4.647
15107,4.647
15108,4.647
15109,4.647
15110,4.647
15111,4.647
15112,4.647
15113,4.647
15114,4.647
15115,4.647
15116,4.647
15117,4.647
15118,4.647
15119,4.647
15120,4.647
15121,4.647
15122,4.647
15123,4.647
15124,4.647
15125,4.647
15126,4.647
15127,4.647
15128,4.647
15129,4.647
15130,4.647
15131,4.647
15132,4.647
15133,4.647
15134,4.647
15135,4.647
15136,4.647
15137,4.647
15138,4.647
15139,4.647
15140,4.647
15141,4.647
15142,4.647
15143,4.647
15144,4.647
15145,4.647
15146,4.647
15147,4.647
15148,4.647
15149,4.647
15150,4.647
15151,4.647
15152,4.647
15153,4.647
15154,4.647
15155,4.647
15156,4.647
15157,4.647
15158,4.647
15159,4.647
15160,4.647
15161,4.647
15162,4.647
15163,4.647
15164,4.647
15165,4.647
15166,4.647
15167,4.647
15168,4.647
15169,4.647
15170,4.647
15171,4.647
15172,4.647
15173,4.647
15174,4.647
15175,4.647
15176,4.647
15177,4.647
15178,4.647
15179,4.647
15180,4.647
15181,4.647
15182,4.647
15183,4.647
15184,4.647
15185,4.647
15186,4.647
15187,4.647
15188,4.647
15189,4.647
15190,4.647
15191,4.647
15192,4.647
15193,4.647
15194,4.647
15195,4.647
15196,4.647
15197,4.647
15198,4.647
15199,4.647
15200,4.647
15201,4.647
15202,4.647
15203,4.647
15204,4.647
15205,4.647
15206,4.647
15207,4.647
15208,4.647
15209,4.647
15210,4.647
15211,4.647
15212,4.647
15213,4.647
15214,4.647
15215,4.647
15216,4.647
15217,4.647
15218,4.647
15219,4.647
15220,4.647
15221,4.647
15222,4.647
15223,4.647
15224,4.647
15225,4.647
15226,4.647
15227,4.647
15228,4.647
15229,4.647
15230,4.647
15231,4.647
15232,4.647
15233,4.647
15234,4.647
15235,4.647
15236,4.647
15237,4.647
15238,4.647
15239,4.647
15240,4.647
15241,4.647
15242,4.647
15243,4.647
15244,4.647
15245,4.647
15246,4.647
15247,4.647
15248,4.647
15249,4.647
15250,4.647
15251,4.647
15252,4.647
15253,4.647
15254,4.647
15255,4.647
15256,4.647
15257,4.647
15258,4.647
15259,4.647
15260,4.647
15261,4.647
15262,4.647
15263,4.647
15264,4.647
15265,4.647
15266,4.647
15267,4.647
15268,4.647
15269,4.647
15270,4.647
15271,4.647
15272,4.647
15273,4.647
15274,4.647
15275,4.647
15276,4.647
15277,4.647
15278,4.647
15279,4.647
15280,4.647
15281,4.647
15282,4.647
15283,4.647
15284,4.647
15285,4.647
15286,4.647
15287,4.647
15288,4.647
15289,4.647
15290,4.647
15291,4.647
15292,4.647
15293,4.647
15294,4.647
15295,4.647
15296,4.647
15297,4.647
15298,4.647
15299,4.647
15300,4.647
15301,4.647
15302,4.647
15303,4.647
15304,4.647
15305,4.647
15306,4.647
15307,4.647
15308,4.647
15309,4.647
15310,4.647
15311,4.647
15312,4.647
15313,4.647
15314,4.647
15315,4.647
15316,4.647
15317,4.647
15318,4.647
15319,4.647
15320,4.647
15321,4.647
15322,4.647
15323,4.647
15324,4.647
15325,4.647
15326,4.647
15327,4.647
15328,4.647
15329,4.647
15330,4.647
15331,4.647
15332,4.647
15333,4.647
15334,4.647
15335,4.647
15336,4.647
15337,4.647
15338,4.647
15339,4.647
15340,4.647
15341,4.647
15342,4.647
15343,4.647
15344,4.647
15345,4.647
15346,4.647
15347,4.647
15348,4.647
15349,4.647
15350,4.647
15351,4.647
15352,4.647
15353,4.647
15354,4.647
15355,4.647
15356,4.647
15357,4.647
15358,4.647
15359,4.647
15360,4.647
15361,4.647
15362,4.647
15363,4.647
15364,4.647
15365,4.647
15366,4.647
15367,4.647
15368,4.647
15369,4.647
15370,4.647
15371,4.647
15372,4.647
15373,4.647
15374,4.647
15375,4.647
15376,4.647
15377,4.647
15378,4.647
15379,4.647
15380,4.647
15381,4.647
15382,4.647
15383,4.647
15384,4.647
15385,4.647
15386,4.647
15387,4.647
15388,4.647
15389,4.647
15390,4.647
15391,4.647
15392,4.647
15393,4.647
15394,4.647
15395,4.647
15396,4.647
15397,4.647
15398,4.647
15399,4.647
15400,4.647
15401,4.647
15402,4.647
15403,4.647
15404,4.647
15405,4.647
15406,4.647
15407,4.647
15408,4.647
15409,4.647
15410,4.647
15411,4.647
15412,4.647
15413,4.647
15414,4.647
15415,4.647
15416,4.647
15417,4.647
15418,4.647
15419,4.647
15420,4.647
15421,4.647
15422,4.647
15423,4.647
15424,4.647
15425,4.647
15426,4.647
15427,4.647
15428,4.647
15429,4.647
15430,4.647
15431,4.647
15432,4.647
15433,4.647
15434,4.647
15435,4.647
15436,4.647
15437,4.647
15438,4.647
15439,4.647
15440,4.647
15441,4.647
15442,4.647
15443,4.647
15444,4.647
15445,4.647
15446,4.647
15447,4.647
15448,4.647
15449,4.647
15450,4.647
15451,4.647
15452,4.647
15453,4.647
15454,4.647
15455,4.647
15456,4.647
15457,4.647
15458,4.647
15459,4.647
15460,4.647
15461,4.647
15462,4.647
15463,4.647
15464,4.647
15465,4.647
15466,4.647
15467,4.647
15468,4.647
15469,4.647
15470,4.647
15471,4.647
15472,4.647
15473,4.647
15474,4.647
15475,4.647
15476,4.647
15477,4.647
15478,4.647
15479,4.647
15480,4.647
15481,4.647
15482,4.647
15483,4.647
15484,4.647
15485,4.647
15486,4.647
15487,4.647
15488,4.647
15489,4.647
15490,4.647
15491,4.647
15492,4.647
15493,4.647
15494,4.647
15495,4.647
15496,4.647
15497,4.647
15498,4.647
15499,4.647
15500,4.647
15501,4.647
15502,4.647
15503,4.647
15504,4.647
15505,4.647
15506,4.647
15507,4.647
15508,4.647
15509,4.647
15510,4.647
15511,4.647
15512,4.647
15513,4.647
15514,4.647
15515,4.647
15516,4.647
15517,4.647
15518,4.647
15519,4.647
15520,4.647
15521,4.647
15522,4.647
15523,4.647
15524,4.647
15525,4.647
15526,4.647
15527,4.647
15528,4.647
15529,4.647
15530,4.647
15531,4.647
15532,4.647
15533,4.647
15534,4.647
15535,4.647
15536,4.647
15537,4.647
15538,4.647
15539,4.647
15540,4.647
15541,4.647
15542,4.647
15543,4.647
15544,4.647
15545,4.647
15546,4.647
15547,4.647
15548,4.647
15549,4.647
15550,4.647
15551,4.647
15552,4.647
15553,4.647
15554,4.647
15555,4.647
15556,4.647
15557,4.647
15558,4.647
15559,4.647
15560,4.647
15561,4.647
15562,4.647
15563,4.647
15564,4.647
15565,4.647
15566,4.647
15567,4.647
15568,4.647
15569,4.647
15570,4.647
15571,4.647
15572,4.647
15573,4.647
15574,4.647
15575,4.647
15576,4.647
15577,4.647
15578,4.647
15579,4.647
15580,4.647
15581,4.647
15582,4.647
15583,4.647
15584,4.647
15585,4.647
15586,4.647
15587,4.647
15588,4.647
15589,4.647
15590,4.647
15591,4.647
15592,4.647
15593,4.647
15594,4.647
15595,4.647
15596,4.647
15597,4.647
15598,4.647
15599,4.647
15600,4.647
15601,4.647
15602,4.647
15603,4.647
15604,4.647
15605,4.647
15606,4.647
15607,4.647
15608,4.647
15609,4.647
15610,4.647
15611,4.647
15612,4.647
15613,4.647
15614,4.647
15615,4.647
15616,4.647
15617,4.647
15618,4.647
15619,4.647
15620,4.647
15621,4.647
15622,4.647
15623,4.647
15624,4.647
15625,4.647
15626,4.647
15627,4.647
15628,4.647
15629,4.647
15630,4.647
15631,4.647
15632,4.647
15633,4.647
15634,4.647
15635,4.647
15636,4.647
15637,4.647
15638,4.647
15639,4.647
15640,4.647
15641,4.647
15642,4.647
15643,4.647
15644,4.647
15645,4.647
15646,4.647
15647,4.647
15648,4.647
15649,4.647
15650,4.647
15651,4.647
15652,4.647
15653,4.647
15654,4.647
15655,4.647
15656,4.647
15657,4.647
15658,4.647
15659,4.647
15660,4.647
15661,4.647
15662,4.647
15663,4.647
15664,4.647
15665,4.647
15666,4.647
15667,4.647
15668,4.647
15669,4.647
15670,4.647
15671,4.647
15672,4.647
15673,4.647
15674,4.647
15675,4.647
15676,4.647
15677,4.647
15678,4.647
15679,4.647
15680,4.647
15681,4.647
15682,4.647
15683,4.647
15684,4.647
15685,4.647
15686,4.647
15687,4.647
15688,4.647
15689,4.647
15690,4.647
15691,4.647
15692,4.647
15693,4.647
15694,4.647
15695,4.647
15696,4.647
15697,4.647
15698,4.647
15699,4.647
15700,4.647
15701,4.647
15702,4.647
15703,4.647
15704,4.647
15705,4.647
15706,4.647
15707,4.647
15708,4.647
15709,4.647
15710,4.647
15711,4.647
15712,4.647
15713,4.647
15714,4.647
15715,4.647
15716,4.647
15717,4.647
15718,4.647
15719,4.647
15720,4.647
15721,4.647
15722,4.647
15723,4.647
15724,4.647
15725,4.647
15726,4.647
15727,4.647
15728,4.647
15729,4.647
15730,4.647
15731,4.647
15732,4.647
15733,4.647
15734,4.647
15735,4.647
15736,4.647
15737,4.647
15738,4.647
15739,4.647
15740,4.647
15741,4.647
15742,4.647
15743,4.647
15744,4.647
15745,4.647
15746,4.647
15747,4.647
15748,4.647
15749,4.647
15750,4.647
15751,4.647
15752,4.647
15753,4.647
15754,4.647
15755,4.647
15756,4.647
15757,4.647
15758,4.647
15759,4.647
15760,4.647
15761,4.647
15762,4.647
15763,4.647
15764,4.647
15765,4.647
15766,4.647
15767,4.647
15768,4.647
15769,4.647
15770,4.647
15771,4.647
15772,4.647
15773,4.647
15774,4.647
15775,4.647
15776,4.647
15777,4.647
15778,4.647
15779,4.647
15780,4.647
15781,4.647
15782,4.647
15783,4.647
15784,4.647
15785,4.647
15786,4.647
15787,4.647
15788,4.647
15789,4.647
15790,4.647
15791,4.647
15792,4.647
15793,4.647
15794,4.647
15795,4.647
15796,4.647
15797,4.647
15798,4.647
15799,4.647
15800,4.647
15801,4.647
15802,4.647
15803,4.647
15804,4.647
15805,4.647
15806,4.647
15807,4.647
15808,4.647
15809,4.647
15810,4.647
15811,4.647
15812,4.647
15813,4.647
15814,4.647
15815,4.647
15816,4.647
15817,4.647
15818,4.647
15819,4.647
15820,4.647
15821,4.647
15822,4.647
15823,4.647
15824,4.647
15825,4.647
15826,4.647
15827,4.647
15828,4.647
15829,4.647
15830,4.647
15831,4.647
15832,4.647
15833,4.647
15834,4.647
15835,4.647
15836,4.647
15837,4.647
15838,4.647
15839,4.647
15840,4.647
15841,4.647
15842,4.647
15843,4.647
15844,4.647
15845,4.647
15846,4.647
15847,4.647
15848,4.647
15849,4.647
15850,4.647
15851,4.647
15852,4.647
15853,4.647
15854,4.647
15855,4.647
15856,4.647
15857,4.647
15858,4.647
15859,4.647
15860,4.647
15861,4.647
15862,4.647
15863,4.647
15864,4.647
15865,4.647
15866,4.647
15867,4.647
15868,4.647
15869,4.647
15870,4.647
15871,4.647
15872,4.647
15873,4.647
15874,4.647
15875,4.647
15876,4.647
15877,4.647
15878,4.647
15879,4.647
15880,4.647
15881,4.647
15882,4.647
15883,4.647
15884,4.647
15885,4.647
15886,4.647
15887,4.647
15888,4.647
15889,4.647
15890,4.647
15891,4.647
15892,4.647
15893,4.647
15894,4.647
15895,4.647
15896,4.647
15897,4.647
15898,4.647
15899,4.647
15900,4.647
15901,4.647
15902,4.647
15903,4.647
15904,4.647
15905,4.647
15906,4.647
15907,4.647
15908,4.647
15909,4.647
15910,4.647
15911,4.647
15912,4.647
15913,4.647
15914,4.647
15915,4.647
15916,4.647
15917,4.647
15918,4.647
15919,4.647
15920,4.647
15921,4.647
15922,4.647
15923,4.647
15924,4.647
15925,4.647
15926,4.647
15927,4.647
15928,4.647
15929,4.647
15930,4.647
15931,4.647
15932,4.647
15933,4.647
15934,4.647
15935,4.647
15936,4.647
15937,4.647
15938,4.647
15939,4.647
15940,4.647
15941,4.647
15942,4.647
15943,4.647
15944,4.647
15945,4.647
15946,4.647
15947,4.647
15948,4.647
15949,4.647
15950,4.647
15951,4.647
15952,4.647
15953,4.647
15954,4.647
15955,4.647
15956,4.647
15957,4.647
15958,4.647
15959,4.647
15960,4.647
15961,4.647
15962,4.647
15963,4.647
15964,4.647
15965,4.647
15966,4.647
15967,4.647
15968,4.647
15969,4.647
15970,4.647
15971,4.647
15972,4.647
15973,4.647
15974,4.647
15975,4.647
15976,4.647
15977,4.647
15978,4.647
15979,4.647
15980,4.647
15981,4.647
15982,4.647
15983,4.647
15984,4.647
15985,4.647
15986,4.647
15987,4.647
15988,4.647
15989,4.647
15990,4.647
15991,4.647
15992,4.647
15993,4.647
15994,4.647
15995,4.647
15996,4.647
15997,4.647
15998,4.647
15999,4.647
16000,4.647
16001,4.647
16002,4.647
16003,4.647
16004,4.647
16005,4.647
16006,4.647
16007,4.647
16008,4.647
16009,4.647
16010,4.647
16011,4.647
16012,4.647
16013,4.647
16014,4.647
16015,4.647
16016,4.647
16017,4.647
16018,4.647
16019,4.647
16020,4.647
16021,4.647
16022,4.647
16023,4.647
16024,4.647
16025,4.647
16026,4.647
16027,4.647
16028,4.647
16029,4.647
16030,4.647
16031,4.647
16032,4.647
16033,4.647
16034,4.647
16035,4.647
16036,4.647
16037,4.647
16038,4.647
16039,4.647
16040,4.647
16041,4.647
16042,4.647
16043,4.647
16044,4.647
16045,4.647
16046,4.647
16047,4.647
16048,4.647
16049,4.647
16050,4.647
16051,4.647
16052,4.647
16053,4.647
16054,4.647
16055,4.647
16056,4.647
16057,4.647
16058,4.647
16059,4.647
16060,4.647
16061,4.647
16062,4.647
16063,4.647
16064,4.647
16065,4.647
16066,4.647
16067,4.647
16068,4.647
16069,4.647
16070,4.647
16071,4.647
16072,4.647
16073,4.647
16074,4.647
16075,4.647
16076,4.647
16077,4.647
16078,4.647
16079,4.647
16080,4.647
16081,4.647
16082,4.647
16083,4.647
16084,4.647
16085,4.647
16086,4.647
16087,4.647
16088,4.647
16089,4.647
16090,4.647
16091,4.647
16092,4.647
16093,4.647
16094,4.647
16095,4.647
16096,4.647
16097,4.647
16098,4.647
16099,4.647
16100,4.647
16101,4.647
16102,4.647
16103,4.647
16104,4.647
16105,4.647
16106,4.647
16107,4.647
16108,4.647
16109,4.647
16110,4.647
16111,4.647
16112,4.647
16113,4.647
16114,4.647
16115,4.647
16116,4.647
16117,4.647
16118,4.647
16119,4.647
16120,4.647
16121,4.647
16122,4.647
16123,4.647
16124,4.647
16125,4.647
16126,4.647
16127,4.647
16128,4.647
16129,4.647
16130,4.647
16131,4.647
16132,4.647
16133,4.647
16134,4.647
16135,4.647
16136,4.647
16137,4.647
16138,4.647
16139,4.647
16140,4.647
16141,4.647
16142,4.647
16143,4.647
16144,4.647
16145,4.647
16146,4.647
16147,4.647
16148,4.647
16149,4.647
16150,4.647
16151,4.647
16152,4.647
16153,4.647
16154,4.647
16155,4.647
16156,4.647
16157,4.647
16158,4.647
16159,4.647
16160,4.647
16161,4.647
16162,4.647
16163,4.647
16164,4.647
16165,4.647
16166,4.647
16167,4.647
16168,4.647
16169,4.647
16170,4.647
16171,4.647
16172,4.647
16173,4.647
16174,4.647
16175,4.647
16176,4.647
16177,4.647
16178,4.647
16179,4.647
16180,4.647
16181,4.647
16182,4.647
16183,4.647
16184,4.647
16185,4.647
16186,4.647
16187,4.647
16188,4.647
16189,4.647
16190,4.647
16191,4.647
16192,4.647
16193,4.647
16194,4.647
16195,4.647
16196,4.647
16197,4.647
16198,4.647
16199,4.647
16200,4.647
16201,4.647
16202,4.647
16203,4.647
16204,4.647
16205,4.647
16206,4.647
16207,4.647
16208,4.647
16209,4.647
16210,4.647
16211,4.647
16212,4.647
16213,4.647
16214,4.647
16215,4.647
16216,4.647
16217,4.647
16218,4.647
16219,4.647
16220,4.647
16221,4.647
16222,4.647
16223,4.647
16224,4.647
16225,4.647
16226,4.647
16227,4.647
16228,4.647
16229,4.647
16230,4.647
16231,4.647
16232,4.647
16233,4.647
16234,4.647
16235,4.647
16236,4.647
16237,4.647
16238,4.647
16239,4.647
16240,4.647
16241,4.647
16242,4.647
16243,4.647
16244,4.647
16245,4.647
16246,4.647
16247,4.647
16248,4.647
16249,4.647
16250,4.647
16251,4.647
16252,4.647
16253,4.647
16254,4.647
16255,4.647
16256,4.647
16257,4.647
16258,4.647
16259,4.647
16260,4.647
16261,4.647
16262,4.647
16263,4.647
16264,4.647
16265,4.647
16266,4.647
16267,4.647
16268,4.647
16269,4.647
16270,4.647
16271,4.647
16272,4.647
16273,4.647
16274,4.647
16275,4.647
16276,4.647
16277,4.647
16278,4.647
16279,4.647
16280,4.647
16281,4.647
16282,4.647
16283,4.647
16284,4.647
16285,4.647
16286,4.647
16287,4.647
16288,4.647
16289,4.647
16290,4.647
16291,4.647
16292,4.647
16293,4.647
16294,4.647
16295,4.647
16296,4.647
16297,4.647
16298,4.647
16299,4.647
16300,4.647
16301,4.647
16302,4.647
16303,4.647
16304,4.647
16305,4.647
16306,4.647
16307,4.647
16308,4.647
16309,4.647
16310,4.647
16311,4.647
16312,4.647
16313,4.647
16314,4.647
16315,4.647
16316,4.647
16317,4.647
16318,4.647
16319,4.647
16320,4.647
16321,4.647
16322,4.647
16323,4.647
16324,4.647
16325,4.647
16326,4.647
16327,4.647
16328,4.647
16329,4.647
16330,4.647
16331,4.647
16332,4.647
16333,4.647
16334,4.647
16335,4.647
16336,4.647
16337,4.647
16338,4.647
16339,4.647
16340,4.647
16341,4.647
16342,4.647
16343,4.647
16344,4.647
16345,4.647
16346,4.647
16347,4.647
16348,4.647
16349,4.647
16350,4.647
16351,4.647
16352,4.647
16353,4.647
16354,4.647
16355,4.647
16356,4.647
16357,4.647
16358,4.647
16359,4.647
16360,4.647
16361,4.647
16362,4.647
16363,4.647
16364,4.647
16365,4.647
16366,4.647
16367,4.647
16368,4.647
16369,4.647
16370,4.647
16371,4.647
16372,4.647
16373,4.647
16374,4.647
16375,4.647
16376,4.647
16377,4.647
16378,4.647
16379,4.647
16380,4.647
16381,4.647
16382,4.647
16383,4.647
16384,4.647
16385,4.647
16386,4.647
16387,4.647
16388,4.647
16389,4.647
16390,4.647
16391,4.647
16392,4.647
16393,4.647
16394,4.647
16395,4.647
16396,4.647
16397,4.647
16398,4.647
16399,4.647
16400,4.647
16401,4.647
16402,4.647
16403,4.647
16404,4.647
16405,4.647
16406,4.647
16407,4.647
16408,4.647
16409,4.647
16410,4.647
16411,4.647
16412,4.647
16413,4.647
16414,4.647
16415,4.647
16416,4.647
16417,4.647
16418,4.647
16419,4.647
16420,4.647
16421,4.647
16422,4.647
16423,4.647
16424,4.647
16425,4.647
16426,4.647
16427,4.647
16428,4.647
16429,4.647
16430,4.647
16431,4.647
16432,4.647
16433,4.647
16434,4.647
16435,4.647
16436,4.647
16437,4.647
16438,4.647
16439,4.647
16440,4.647
16441,4.647
16442,4.647
16443,4.647
16444,4.647
16445,4.647
16446,4.647
16447,4.647
16448,4.647
16449,4.647
16450,4.647
16451,4.647
16452,4.647
16453,4.647
16454,4.647
16455,4.647
16456,4.647
16457,4.647
16458,4.647
16459,4.647
16460,4.647
16461,4.647
16462,4.647
16463,4.647
16464,4.647
16465,4.647
16466,4.647
16467,4.647
16468,4.647
16469,4.647
16470,4.647
16471,4.647
16472,4.647
16473,4.647
16474,4.647
16475,4.647
16476,4.647
16477,4.647
16478,4.647
16479,4.647
16480,4.647
16481,4.647
16482,4.647
16483,4.647
16484,4.647
16485,4.647
16486,4.647
16487,4.647
16488,4.647
16489,4.647
16490,4.647
16491,4.647
16492,4.647
16493,4.647
16494,4.647
16495,4.647
16496,4.647
16497,4.647
16498,4.647
16499,4.647
16500,4.647
16501,4.647
16502,4.647
16503,4.647
16504,4.647
16505,4.647
16506,4.647
16507,4.647
16508,4.647
16509,4.647
16510,4.647
16511,4.647
16512,4.647
16513,4.647
16514,4.647
16515,4.647
16516,4.647
16517,4.647
16518,4.647
16519,4.647
16520,4.647
16521,4.647
16522,4.647
16523,4.647
16524,4.647
16525,4.647
16526,4.647
16527,4.647
16528,4.647
16529,4.647
16530,4.647
16531,4.647
16532,4.647
16533,4.647
16534,4.647
16535,4.647
16536,4.647
16537,4.647
16538,4.647
16539,4.647
16540,4.647
16541,4.647
16542,4.647
16543,4.647
16544,4.647
16545,4.647
16546,4.647
16547,4.647
16548,4.647
16549,4.647
16550,4.647
16551,4.647
16552,4.647
16553,4.647
16554,4.647
16555,4.647
16556,4.647
16557,4.647
16558,4.647
16559,4.647
16560,4.647
16561,4.647
16562,4.647
16563,4.647
16564,4.647
16565,4.647
16566,4.647
16567,4.647
16568,4.647
16569,4.647
16570,4.647
16571,4.647
16572,4.647
16573,4.647
16574,4.647
16575,4.647
16576,4.647
16577,4.647
16578,4.647
16579,4.647
16580,4.647
16581,4.647
16582,4.647
16583,4.647
16584,4.647
16585,4.647
16586,4.647
16587,4.647
16588,4.647
16589,4.647
16590,4.647
16591,4.647
16592,4.647
16593,4.647
16594,4.647
16595,4.647
16596,4.647
16597,4.647
16598,4.647
16599,4.647
16600,4.647
16601,4.647
16602,4.647
16603,4.647
16604,4.647
16605,4.647
16606,4.647
16607,4.647
16608,4.647
16609,4.647
16610,4.647
16611,4.647
16612,4.647
16613,4.647
16614,4.647
16615,4.647
16616,4.647
16617,4.647
16618,4.647
16619,4.647
16620,4.647
16621,4.647
16622,4.647
16623,4.647
16624,4.647
16625,4.647
16626,4.647
16627,4.647
16628,4.647
16629,4.647
16630,4.647
16631,4.647
16632,4.647
16633,4.647
16634,4.647
16635,4.647
16636,4.647
16637,4.647
16638,4.647
16639,4.647
16640,4.647
16641,4.647
16642,4.647
16643,4.647
16644,4.647
16645,4.647
16646,4.647
16647,4.647
16648,4.647
16649,4.647
16650,4.647
16651,4.647
16652,4.647
16653,4.647
16654,4.647
16655,4.647
16656,4.647
16657,4.647
16658,4.647
16659,4.647
16660,4.647
16661,4.647
16662,4.647
16663,4.647
16664,4.647
16665,4.647
16666,4.647
16667,4.647
16668,4.647
16669,4.647
16670,4.647
16671,4.647
16672,4.647
16673,4.647
16674,4.647
16675,4.647
16676,4.647
16677,4.647
16678,4.647
16679,4.647
16680,4.647
16681,4.647
16682,4.647
16683,4.647
16684,4.647
16685,4.647
16686,4.647
16687,4.647
16688,4.647
16689,4.647
16690,4.647
16691,4.647
16692,4.647
16693,4.647
16694,4.647
16695,4.647
16696,4.647
16697,4.647
16698,4.647
16699,4.647
16700,4.647
16701,4.647
16702,4.647
16703,4.647
16704,4.647
16705,4.647
16706,4.647
16707,4.647
16708,4.647
16709,4.647
16710,4.647
16711,4.647
16712,4.647
16713,4.647
16714,4.647
16715,4.647
16716,4.647
16717,4.647
16718,4.647
16719,4.647
16720,4.647
16721,4.647
16722,4.647
16723,4.647
16724,4.647
16725,4.647
16726,4.647
16727,4.647
16728,4.647
16729,4.647
16730,4.647
16731,4.647
16732,4.647
16733,4.647
16734,4.647
16735,4.647
16736,4.647
16737,4.647
16738,4.647
16739,4.647
16740,4.647
16741,4.647
16742,4.647
16743,4.647
16744,4.647
16745,4.647
16746,4.647
16747,4.647
16748,4.647
16749,4.647
16750,4.647
16751,4.647
16752,4.647
16753,4.647
16754,4.647
16755,4.647
16756,4.647
16757,4.647
16758,4.647
16759,4.647
16760,4.647
16761,4.647
16762,4.647
16763,4.647
16764,4.647
16765,4.647
16766,4.647
16767,4.647
16768,4.647
16769,4.647
16770,4.647
16771,4.647
16772,4.647
16773,4.647
16774,4.647
16775,4.647
16776,4.647
16777,4.647
16778,4.647
16779,4.647
16780,4.647
16781,4.647
16782,4.647
16783,4.647
16784,4.647
16785,4.647
16786,4.647
16787,4.647
16788,4.647
16789,4.647
16790,4.647
16791,4.647
16792,4.647
16793,4.647
16794,4.647
16795,4.647
16796,4.647
16797,4.647
16798,4.647
16799,4.647
16800,4.647
16801,4.647
16802,4.647
16803,4.647
16804,4.647
16805,4.647
16806,4.647
16807,4.647
16808,4.647
16809,4.647
16810,4.647
16811,4.647
16812,4.647
16813,4.647
16814,4.647
16815,4.647
16816,4.647
16817,4.647
16818,4.647
16819,4.647
16820,4.647
16821,4.647
16822,4.647
16823,4.647
16824,4.647
16825,4.647
16826,4.647
16827,4.647
16828,4.647
16829,4.647
16830,4.647
16831,4.647
16832,4.647
16833,4.647
16834,4.647
16835,4.647
16836,4.647
16837,4.647
16838,4.647
16839,4.647
16840,4.647
16841,4.647
16842,4.647
16843,4.647
16844,4.647
16845,4.647
16846,4.647
16847,4.647
16848,4.647
16849,4.647
16850,4.647
16851,4.647
16852,4.647
16853,4.647
16854,4.647
16855,4.647
16856,4.647
16857,4.647
16858,4.647
16859,4.647
16860,4.647
16861,4.647
16862,4.647
16863,4.647
16864,4.647
16865,4.647
16866,4.647
16867,4.647
16868,4.647
16869,4.647
16870,4.647
16871,4.647
16872,4.647
16873,4.647
16874,4.647
16875,4.647
16876,4.647
16877,4.647
16878,4.647
16879,4.647
16880,4.647
16881,4.647
16882,4.647
16883,4.647
16884,4.647
16885,4.647
16886,4.647
16887,4.647
16888,4.647
16889,4.647
16890,4.647
16891,4.647
16892,4.647
16893,4.647
16894,4.647
16895,4.647
16896,4.647
16897,4.647
16898,4.647
16899,4.647
16900,4.647
16901,4.647
16902,4.647
16903,4.647
16904,4.647
16905,4.647
16906,4.647
16907,4.647
16908,4.647
16909,4.647
16910,4.647
16911,4.647
16912,4.647
16913,4.647
16914,4.647
16915,4.647
16916,4.647
16917,4.647
16918,4.647
16919,4.647
16920,4.647
16921,4.647
16922,4.647
16923,4.647
16924,4.647
16925,4.647
16926,4.647
16927,4.647
16928,4.647
16929,4.647
16930,4.647
16931,4.647
16932,4.647
16933,4.647
16934,4.647
16935,4.647
16936,4.647
16937,4.647
16938,4.647
16939,4.647
16940,4.647
16941,4.647
16942,4.647
16943,4.647
16944,4.647
16945,4.647
16946,4.647
16947,4.647
16948,4.647
16949,4.647
16950,4.647
16951,4.647
16952,4.647
16953,4.647
16954,4.647
16955,4.647
16956,4.647
16957,4.647
16958,4.647
16959,4.647
16960,4.647
16961,4.647
16962,4.647
16963,4.647
16964,4.647
16965,4.647
16966,4.647
16967,4.647
16968,4.647
16969,4.647
16970,4.647
16971,4.647
16972,4.647
16973,4.647
16974,4.647
16975,4.647
16976,4.647
16977,4.647
16978,4.647
16979,4.647
16980,4.647
16981,4.647
16982,4.647
16983,4.647
16984,4.647
16985,4.647
16986,4.647
16987,4.647
16988,4.647
16989,4.647
16990,4.647
16991,4.647
16992,4.647
16993,4.647
16994,4.647
16995,4.647
16996,4.647
16997,4.647
16998,4.647
16999,4.647
17000,4.647
17001,4.647
17002,4.647
17003,4.647
17004,4.647
17005,4.647
17006,4.647
17007,4.647
17008,4.647
17009,4.647
17010,4.647
17011,4.647
17012,4.647
17013,4.647
17014,4.647
17015,4.647
17016,4.647
17017,4.647
17018,4.647
17019,4.647
17020,4.647
17021,4.647
17022,4.647
17023,4.647
17024,4.647
17025,4.647
17026,4.647
17027,4.647
17028,4.647
17029,4.647
17030,4.647
17031,4.647
17032,4.647
17033,4.647
17034,4.647
17035,4.647
17036,4.647
17037,4.647
17038,4.647
17039,4.647
17040,4.647
17041,4.647
17042,4.647
17043,4.647
17044,4.647
17045,4.647
17046,4.647
17047,4.647
17048,4.647
17049,4.647
17050,4.647
17051,4.647
17052,4.647
17053,4.647
17054,4.647
17055,4.647
17056,4.647
17057,4.647
17058,4.647
17059,4.647
17060,4.647
17061,4.647
17062,4.647
17063,4.647
17064,4.647
17065,4.647
17066,4.647
17067,4.647
17068,4.647
17069,4.647
17070,4.647
17071,4.647
17072,4.647
17073,4.647
17074,4.647
17075,4.647
17076,4.647
17077,4.647
17078,4.647
17079,4.647
17080,4.647
17081,4.647
17082,4.647
17083,4.647
17084,4.647
17085,4.647
17086,4.647
17087,4.647
17088,4.647
17089,4.647
17090,4.647
17091,4.647
17092,4.647
17093,4.647
17094,4.647
17095,4.647
17096,4.647
17097,4.647
17098,4.647
17099,4.647
17100,4.647
17101,4.647
17102,4.647
17103,4.647
17104,4.647
17105,4.647
17106,4.647
17107,4.647
17108,4.647
17109,4.647
17110,4.647
17111,4.647
17112,4.647
17113,4.647
17114,4.647
17115,4.647
17116,4.647
17117,4.647
17118,4.647
17119,4.647
17120,4.647
17121,4.647
17122,4.647
17123,4.647
17124,4.647
17125,4.647
17126,4.647
17127,4.647
17128,4.647
17129,4.647
17130,4.647
17131,4.647
17132,4.647
17133,4.647
17134,4.647
17135,4.647
17136,4.647
17137,4.647
17138,4.647
17139,4.647
17140,4.647
17141,4.647
17142,4.647
17143,4.647
17144,4.647
17145,4.647
17146,4.647
17147,4.647
17148,4.647
17149,4.647
17150,4.647
17151,4.647
17152,4.647
17153,4.647
17154,4.647
17155,4.647
17156,4.647
17157,4.647
17158,4.647
17159,4.647
17160,4.647
17161,4.647
17162,4.647
17163,4.647
17164,4.647
17165,4.647
17166,4.647
17167,4.647
17168,4.647
17169,4.647
17170,4.647
17171,4.647
17172,4.647
17173,4.647
17174,4.647
17175,4.647
17176,4.647
17177,4.647
17178,4.647
17179,4.647
17180,4.647
17181,4.647
17182,4.647
17183,4.647
17184,4.647
17185,4.647
17186,4.647
17187,4.647
17188,4.647
17189,4.647
17190,4.647
17191,4.647
17192,4.647
17193,4.647
17194,4.647
17195,4.647
17196,4.647
17197,4.647
17198,4.647
17199,4.647
17200,4.647
17201,4.647
17202,4.647
17203,4.647
17204,4.647
17205,4.647
17206,4.647
17207,4.647
17208,4.647
17209,4.647
17210,4.647
17211,4.647
17212,4.647
17213,4.647
17214,4.647
17215,4.647
17216,4.647
17217,4.647
17218,4.647
17219,4.647
17220,4.647
17221,4.647
17222,4.647
17223,4.647
17224,4.647
17225,4.647
17226,4.647
17227,4.647
17228,4.647
17229,4.647
17230,4.647
17231,4.647
17232,4.647
17233,4.647
17234,4.647
17235,4.647
17236,4.647
17237,4.647
17238,4.647
17239,4.647
17240,4.647
17241,4.647
17242,4.647
17243,4.647
17244,4.647
17245,4.647
17246,4.647
17247,4.647
17248,4.647
17249,4.647
17250,4.647
17251,4.647
17252,4.647
17253,4.647
17254,4.647
17255,4.647
17256,4.647
17257,4.647
17258,4.647
17259,4.647
17260,4.647
17261,4.647
17262,4.647
17263,4.647
17264,4.647
17265,4.647
17266,4.647
17267,4.647
17268,4.647
17269,4.647
17270,4.647
17271,4.647
17272,4.647
17273,4.647
17274,4.647
17275,4.647
17276,4.647
17277,4.647
17278,4.647
17279,4.647
17280,4.647
17281,4.647
17282,4.647
17283,4.647
17284,4.647
17285,4.647
17286,4.647
17287,4.647
17288,4.647
17289,4.647
17290,4.647
17291,4.647
17292,4.647
17293,4.647
17294,4.647
17295,4.647
17296,4.647
17297,4.647
17298,4.647
17299,4.647
17300,4.647
17301,4.647
17302,4.647
17303,4.647
17304,4.647
17305,4.647
17306,4.647
17307,4.647
17308,4.647
17309,4.647
17310,4.647
17311,4.647
17312,4.647
17313,4.647
17314,4.647
17315,4.647
17316,4.647
17317,4.647
17318,4.647
17319,4.647
17320,4.647
17321,4.647
17322,4.647
17323,4.647
17324,4.647
17325,4.647
17326,4.647
17327,4.647
17328,4.647
17329,4.647
17330,4.647
17331,4.647
17332,4.647
17333,4.647
17334,4.647
17335,4.647
17336,4.647
17337,4.647
17338,4.647
17339,4.647
17340,4.647
17341,4.647
17342,4.647
17343,4.647
17344,4.647
17345,4.647
